user_id,date,amount
1171,2025-07-23,0
894,2024-12-19,9
536,2024-10-25,9
793,2025-01-14,0
1706,2025-05-06,9
853,2025-04-17,99
1641,2025-03-15,9
1377,2024-11-14,29
112,2025-06-18,99
523,2025-06-26,99
545,2025-07-07,0
1774,2025-10-19,9
500,2025-06-18,29
484,2025-10-11,99
262,2025-04-27,9
1808,2025-07-05,0
259,2025-04-29,9
1446,2024-10-28,99
1018,2024-10-24,29
218,2025-05-16,0
1043,2025-05-24,0
1235,2025-03-30,9
1406,2024-10-26,0
1972,2024-10-28,9
1683,2025-05-15,0
1224,2025-07-29,29
473,2025-02-05,29
1064,2025-05-18,9
1926,2025-02-10,0
623,2024-10-28,29
1656,2025-05-05,99
1228,2025-09-02,0
1476,2025-07-20,29
1642,2025-07-10,0
364,2025-04-07,0
541,2025-08-31,99
901,2025-10-21,0
919,2025-10-10,9
425,2024-12-30,9
89,2024-12-02,0
1333,2025-10-13,9
1517,2024-11-28,29
886,2025-05-13,9
1783,2024-12-18,29
179,2025-01-23,9
730,2025-01-04,0
538,2025-06-19,9
823,2025-05-14,9
39,2025-01-28,0
1515,2025-09-03,99
38,2025-03-08,99
1871,2025-02-02,29
1207,2025-08-26,0
1216,2025-03-25,99
1047,2024-11-21,0
1552,2025-03-15,29
1444,2025-03-28,0
1455,2025-04-18,9
1178,2025-05-29,9
320,2025-01-24,0
534,2025-07-19,9
1181,2025-01-17,0
249,2025-02-15,0
1368,2025-07-14,29
376,2025-09-08,0
158,2025-09-16,0
233,2024-11-22,9
1602,2025-07-02,9
1660,2025-09-20,0
581,2025-07-01,0
1522,2025-08-12,29
193,2024-11-03,0
835,2024-11-27,0
1367,2025-03-28,9
374,2025-03-18,0
1682,2025-03-17,9
739,2025-05-24,0
758,2025-04-24,9
218,2024-11-12,9
1774,2025-06-26,0
1636,2024-10-25,29
1958,2025-07-21,9
342,2024-12-27,9
972,2024-11-23,99
1815,2025-05-04,0
119,2025-09-15,0
119,2025-04-08,29
1468,2025-06-29,9
1710,2025-08-22,29
1334,2025-02-27,0
1177,2025-05-29,0
916,2025-09-20,9
1232,2024-11-28,29
1963,2025-10-04,0
1399,2025-05-15,0
1097,2025-10-13,0
645,2024-11-07,9
174,2025-01-19,9
1143,2025-01-12,9
986,2025-10-07,0
410,2025-09-24,9
1235,2025-07-17,29
977,2025-10-01,99
1000,2025-05-30,0
1573,2025-04-24,29
705,2025-02-04,29
633,2024-11-09,29
876,2025-10-15,9
371,2024-11-19,0
1300,2025-07-14,0
275,2025-10-16,0
128,2025-02-07,9
569,2025-10-06,29
458,2025-05-20,0
1118,2025-05-28,9
525,2025-07-04,29
895,2024-11-03,99
1473,2024-12-30,29
1825,2025-10-17,29
1980,2025-09-17,29
1976,2025-02-21,29
362,2024-10-28,29
505,2025-01-10,29
1632,2025-06-06,0
898,2024-12-16,29
594,2025-08-10,9
1613,2025-09-05,0
233,2025-07-25,0
1378,2025-09-05,99
332,2025-03-25,99
1858,2025-10-17,0
215,2024-11-20,29
1268,2025-02-15,0
1454,2024-12-24,9
819,2025-05-29,0
853,2025-01-23,9
459,2025-05-30,9
591,2025-09-11,0
469,2025-09-16,0
1587,2025-03-22,9
1662,2025-07-11,0
894,2025-10-05,9
1674,2025-05-19,0
669,2025-02-27,0
355,2025-03-20,0
996,2025-08-11,0
233,2025-08-05,99
1149,2024-12-15,0
1271,2025-08-24,99
942,2025-07-16,0
1417,2025-07-30,0
1101,2024-11-21,0
1626,2025-05-04,0
1598,2025-08-07,29
1413,2025-03-05,99
284,2024-11-11,0
279,2024-11-28,0
1399,2025-04-09,29
961,2025-01-20,0
917,2025-09-12,9
1042,2024-11-20,9
367,2025-03-03,29
65,2025-06-14,9
1093,2025-08-16,0
1887,2025-06-17,9
269,2025-06-10,99
855,2025-03-25,29
541,2025-08-18,29
932,2025-02-25,9
18,2024-11-02,0
1091,2025-06-25,0
658,2025-02-05,0
43,2025-08-22,0
754,2025-04-14,9
194,2025-04-30,29
526,2025-01-18,0
1813,2025-03-09,0
1289,2025-05-24,29
145,2025-10-22,0
172,2025-03-16,99
1679,2025-04-07,0
1234,2025-01-02,99
1541,2025-07-12,99
1054,2025-06-06,9
442,2025-07-05,9
1665,2025-03-18,0
1773,2024-11-24,0
310,2025-08-17,9
1293,2025-06-19,0
930,2025-02-13,29
1181,2025-08-27,29
1117,2025-01-25,9
899,2025-07-25,99
1067,2024-11-19,0
1996,2024-11-22,0
622,2025-02-03,9
743,2024-12-20,99
183,2025-03-18,29
652,2025-07-25,29
193,2025-08-22,9
908,2025-06-25,9
921,2024-12-20,9
704,2025-08-05,29
1347,2025-03-22,99
1599,2025-02-21,9
430,2025-03-11,29
1576,2024-12-02,29
392,2024-11-26,99
320,2024-10-24,9
627,2025-02-18,9
446,2025-04-12,9
1598,2025-03-10,99
985,2025-08-13,0
1319,2025-02-03,0
104,2024-11-30,99
1854,2024-12-12,0
617,2024-11-24,0
1800,2025-01-02,9
1038,2025-04-07,29
549,2025-04-14,29
1648,2025-05-26,29
1832,2025-05-25,0
441,2025-05-09,9
575,2025-03-29,29
285,2024-12-01,9
1569,2024-11-01,29
1271,2024-11-25,0
1685,2025-03-08,9
1784,2025-05-25,9
622,2024-11-27,9
1436,2025-06-10,29
1651,2025-06-11,0
869,2025-08-22,99
1742,2025-02-24,0
767,2025-09-22,9
1996,2025-03-20,0
1331,2024-10-26,9
429,2025-02-12,9
727,2025-03-31,0
887,2025-03-21,9
1341,2025-08-20,0
277,2024-11-23,0
1953,2025-07-30,0
954,2025-10-06,29
912,2025-05-27,0
1805,2025-10-08,9
1390,2025-01-24,9
1161,2025-06-01,0
1269,2025-05-12,29
1251,2024-12-26,29
1832,2025-07-15,29
1858,2025-03-18,9
1013,2024-12-26,99
1781,2024-12-14,0
1079,2025-02-03,9
1592,2025-02-15,9
205,2025-02-03,9
156,2025-05-01,9
1029,2024-12-17,0
1943,2024-11-15,0
1598,2024-12-25,99
1827,2025-04-08,29
1630,2025-02-06,29
892,2025-04-03,29
1457,2025-02-15,0
883,2025-04-28,29
149,2025-08-21,0
708,2024-11-20,9
1950,2025-03-11,9
1092,2025-01-27,29
1374,2025-01-25,0
1251,2025-07-28,29
913,2025-06-21,99
308,2025-05-02,0
1910,2025-06-09,29
1747,2025-06-18,29
1427,2025-01-05,0
47,2025-04-17,9
669,2024-12-02,0
1220,2024-12-13,29
1204,2025-02-17,99
647,2024-10-24,0
100,2025-03-24,0
1071,2025-02-28,9
544,2025-09-13,9
666,2025-06-19,29
250,2025-03-18,99
306,2025-08-30,0
442,2025-09-21,0
212,2025-02-26,9
1680,2025-04-10,29
14,2025-02-28,9
127,2025-04-07,0
209,2025-09-03,9
972,2025-09-06,99
909,2025-09-20,9
1552,2025-07-01,99
506,2025-06-09,29
1994,2024-12-13,0
203,2025-02-15,0
1608,2025-02-23,99
1431,2025-06-13,9
1002,2025-07-19,0
1116,2025-01-08,29
1030,2025-04-26,0
682,2025-02-21,0
816,2024-12-29,9
469,2025-03-25,99
953,2025-02-22,9
1344,2025-02-12,0
100,2025-08-03,0
272,2025-07-18,29
626,2025-06-24,0
809,2025-04-30,9
523,2025-06-02,9
1212,2025-08-21,0
1663,2025-01-24,29
1662,2025-02-25,99
1215,2025-03-17,0
830,2025-02-07,9
1821,2025-09-04,99
632,2025-08-23,29
145,2025-03-23,9
459,2025-03-12,99
1757,2024-12-05,0
364,2025-10-18,29
1672,2025-05-28,0
11,2025-01-07,99
1212,2025-06-08,0
370,2025-05-21,0
1426,2024-12-30,29
1329,2025-07-13,0
1229,2025-08-16,29
830,2025-05-23,29
476,2024-11-01,99
184,2025-07-31,0
397,2025-04-19,9
1574,2025-07-24,0
1764,2025-01-11,0
192,2025-04-10,9
378,2025-08-27,9
246,2025-02-12,9
59,2025-09-09,0
567,2025-07-18,9
466,2024-11-17,9
694,2025-09-05,99
324,2025-09-16,99
835,2025-08-27,9
584,2025-08-26,0
1993,2025-03-29,0
1402,2025-07-10,99
337,2025-05-03,29
779,2024-12-15,29
922,2025-06-24,0
145,2025-02-16,99
755,2025-01-23,0
1493,2025-01-28,99
25,2025-07-04,0
34,2024-12-20,29
1485,2025-07-26,0
1512,2025-04-04,29
1727,2025-08-24,29
489,2025-03-17,99
1427,2024-11-19,9
1946,2025-04-14,9
1439,2025-06-11,9
530,2025-04-26,0
51,2025-06-05,0
1961,2025-03-26,29
1556,2025-05-17,29
1308,2025-05-06,0
1719,2025-10-15,99
1237,2025-10-14,99
142,2025-09-24,0
1228,2025-07-17,0
1724,2025-04-02,29
1107,2025-05-21,9
1680,2024-11-05,0
559,2025-08-25,9
1815,2025-03-10,29
1813,2025-07-21,99
1779,2025-10-04,9
905,2025-09-02,0
442,2025-05-18,0
1422,2025-06-09,0
255,2025-06-26,0
191,2025-10-12,0
107,2024-11-24,29
1501,2024-12-03,9
939,2025-08-16,0
48,2025-01-26,0
1811,2025-07-04,29
1102,2025-07-07,99
402,2025-03-08,0
1512,2024-12-25,9
185,2025-06-30,0
551,2025-06-16,9
1904,2024-11-08,99
1942,2025-05-28,29
114,2025-06-29,29
466,2025-07-12,9
953,2025-06-30,0
74,2025-03-26,0
1501,2025-08-10,29
978,2025-02-27,9
522,2025-08-27,29
1774,2025-04-07,99
48,2024-12-02,29
1648,2024-10-26,0
1142,2024-11-29,9
1290,2025-01-30,0
814,2025-01-16,29
1796,2025-05-08,0
1458,2025-08-08,0
453,2025-05-11,9
879,2025-05-26,0
492,2025-06-04,0
609,2025-07-16,9
347,2025-06-02,0
1255,2025-01-15,0
1659,2025-04-13,9
1725,2025-03-16,0
1908,2025-03-22,0
805,2025-04-19,0
1875,2025-08-17,0
424,2025-07-12,9
1518,2025-06-07,99
1322,2025-07-17,0
404,2025-05-04,99
1879,2024-12-19,0
1540,2025-03-04,99
1057,2024-10-31,0
264,2025-04-27,0
370,2024-12-01,29
69,2025-02-13,9
1130,2025-04-01,99
1371,2025-10-14,0
377,2024-11-24,9
1978,2024-12-06,9
1735,2025-09-09,9
520,2025-10-22,0
838,2025-08-01,0
303,2024-12-16,29
304,2025-03-06,0
135,2025-02-20,29
251,2025-03-04,9
437,2025-04-16,0
632,2025-08-22,0
139,2025-01-10,0
685,2025-05-12,29
1416,2025-04-27,0
188,2025-03-06,29
1416,2025-04-24,29
1908,2024-11-28,0
1138,2025-04-10,99
1153,2025-07-29,9
1709,2025-07-19,0
1695,2025-04-15,29
1407,2025-02-22,99
1786,2024-11-17,9
52,2025-02-15,0
1726,2024-11-08,29
376,2025-09-01,0
143,2025-07-25,0
775,2024-12-05,29
647,2024-10-30,9
618,2025-09-16,0
1545,2025-03-04,0
808,2025-06-30,0
1772,2024-12-03,0
1491,2025-07-11,0
975,2025-08-28,99
1769,2024-12-24,99
614,2025-10-18,0
1087,2025-08-05,99
1119,2025-01-24,9
1905,2025-05-10,9
232,2024-12-28,99
895,2025-05-24,9
717,2024-12-23,99
164,2025-02-27,29
903,2025-05-27,29
1167,2025-04-05,9
52,2025-04-19,0
113,2025-01-20,0
1579,2025-08-27,0
1416,2025-03-28,0
752,2025-06-23,29
1093,2025-01-01,9
1331,2025-01-02,9
165,2025-06-27,29
1055,2025-07-04,0
1541,2025-04-07,0
876,2025-03-24,99
855,2024-11-02,0
142,2025-08-04,0
1947,2025-06-17,9
1840,2025-09-29,9
672,2025-01-06,99
737,2025-04-14,0
1195,2025-06-08,9
529,2025-04-06,29
274,2025-03-22,9
217,2024-10-23,99
824,2025-07-22,0
1936,2025-01-13,0
965,2025-01-09,29
1993,2025-02-07,9
1662,2025-08-10,99
1371,2025-07-22,9
1569,2025-09-01,29
624,2025-08-27,9
107,2024-11-15,29
496,2025-06-03,0
1609,2024-11-30,9
916,2025-08-28,9
404,2025-09-25,29
1994,2025-05-18,0
1433,2025-01-02,0
1519,2025-03-13,0
1438,2025-02-25,9
836,2025-01-06,29
54,2025-04-17,0
504,2024-12-05,9
781,2025-01-31,0
761,2025-07-09,29
1518,2025-09-22,29
1462,2025-04-30,0
130,2025-05-14,29
1296,2025-06-27,9
1879,2025-02-20,99
1266,2025-06-10,9
1308,2025-03-21,0
1504,2025-06-16,9
99,2025-03-23,29
382,2025-06-06,9
1281,2024-12-05,9
1056,2025-03-06,0
943,2025-03-07,29
1131,2025-09-15,0
978,2025-04-17,0
907,2025-06-18,0
1478,2024-12-28,99
1788,2025-09-03,0
1429,2025-07-10,29
1224,2025-07-23,99
84,2025-08-28,9
1782,2025-02-14,29
951,2025-10-13,9
1453,2025-06-17,9
399,2025-06-08,0
179,2024-11-23,29
839,2025-07-10,0
1947,2024-12-13,9
1325,2025-02-20,99
897,2024-12-06,29
1556,2025-01-22,9
1771,2025-02-17,29
1156,2024-12-06,0
1423,2025-01-01,29
709,2025-03-15,9
1139,2025-07-18,0
551,2024-12-15,99
1146,2025-05-08,0
788,2025-03-21,0
1624,2025-04-02,0
1150,2025-06-10,29
5,2024-12-14,29
1075,2025-06-02,0
965,2025-03-20,0
375,2025-04-04,9
1834,2025-01-02,99
434,2025-04-29,29
1048,2025-06-25,9
188,2025-05-18,99
198,2025-07-18,0
607,2025-10-13,0
871,2025-06-29,9
1868,2025-10-18,29
1234,2024-12-28,0
510,2025-05-25,9
367,2024-12-25,9
1710,2025-04-30,9
737,2025-02-11,9
1229,2024-12-15,9
710,2025-01-02,9
1397,2025-02-21,9
524,2025-09-13,0
132,2025-04-15,29
76,2025-06-19,9
1949,2024-11-11,29
1900,2025-09-23,29
1489,2025-03-10,0
596,2024-10-25,9
262,2025-04-28,0
1220,2024-12-14,9
735,2025-01-05,9
1992,2025-09-03,9
322,2025-03-20,9
1805,2025-05-28,29
1562,2025-05-06,9
510,2025-07-02,9
1889,2025-05-02,9
415,2025-03-29,0
995,2025-07-14,29
1308,2025-04-30,29
706,2025-04-01,29
151,2025-07-24,0
935,2025-09-13,9
1331,2025-04-12,29
301,2025-04-29,0
1012,2024-12-25,9
1319,2024-11-23,9
1820,2025-05-29,9
57,2024-11-02,9
274,2025-08-27,9
1920,2025-08-13,9
475,2025-01-15,9
104,2025-02-12,0
733,2024-11-03,9
5,2025-02-05,0
1634,2025-01-17,29
1415,2025-05-18,0
94,2025-02-11,0
825,2024-12-26,9
729,2025-08-21,9
1038,2025-04-17,9
1027,2025-05-29,0
1231,2025-08-06,0
397,2025-08-18,29
95,2025-08-15,9
1983,2025-05-02,29
1673,2025-05-23,9
1704,2025-05-08,0
1437,2024-12-04,9
540,2025-06-01,0
1697,2024-12-05,9
597,2025-02-03,9
819,2025-08-19,9
1762,2025-05-20,29
1536,2025-09-06,99
986,2025-03-13,29
420,2025-05-20,99
467,2025-09-06,99
1532,2025-08-11,0
1960,2024-11-07,99
1082,2025-08-13,0
783,2025-07-28,0
883,2025-04-11,29
1206,2025-05-22,9
1722,2025-01-14,9
111,2025-04-05,0
421,2024-11-30,0
1841,2025-08-03,0
1590,2025-09-09,0
963,2025-07-02,0
737,2025-08-09,9
76,2025-01-26,9
1868,2025-02-14,29
264,2025-09-26,99
1213,2024-11-03,0
1280,2025-04-14,0
770,2025-02-01,0
1792,2025-03-06,0
1460,2025-09-21,0
1169,2025-09-04,29
900,2024-11-24,29
1638,2025-04-10,29
1582,2025-09-23,29
1649,2024-12-06,0
526,2025-08-19,0
562,2025-09-02,99
163,2025-01-22,0
193,2025-01-11,29
735,2025-09-01,9
1386,2025-08-04,0
1628,2025-06-07,0
1199,2025-07-16,29
64,2025-03-07,9
50,2025-09-21,0
1203,2025-07-25,9
1485,2025-06-16,29
1029,2025-06-24,0
116,2025-04-06,9
1,2024-12-25,0
1591,2025-06-18,0
684,2024-12-15,99
1127,2025-08-22,0
176,2025-01-10,9
829,2025-09-02,0
1048,2025-01-10,0
403,2025-08-30,29
1164,2024-11-14,29
1916,2025-05-31,9
24,2025-03-07,29
1876,2025-05-16,0
892,2025-02-08,9
129,2025-06-10,29
934,2025-05-19,0
1308,2024-12-26,9
1955,2025-02-24,0
1455,2025-07-22,99
250,2025-02-12,0
1577,2025-02-11,0
1859,2025-06-01,99
1333,2025-02-02,29
716,2025-09-20,9
1319,2025-05-09,0
1740,2025-10-06,29
1338,2025-07-12,29
687,2025-09-03,9
1120,2024-11-27,0
809,2024-12-13,0
402,2025-08-09,0
1635,2025-08-23,0
1516,2025-03-30,0
332,2025-10-13,0
1810,2024-11-14,99
854,2025-02-06,29
500,2025-09-23,29
234,2025-07-03,29
1533,2024-12-10,0
918,2025-07-21,29
237,2025-09-23,29
1328,2024-12-12,9
547,2025-01-26,0
1899,2024-12-17,9
529,2025-07-25,9
1213,2025-02-24,9
558,2025-09-08,9
1447,2025-01-26,9
1612,2025-08-13,0
123,2025-09-14,0
1016,2025-07-11,0
6,2025-03-23,9
1322,2025-04-30,9
138,2024-12-16,0
1140,2025-06-03,9
851,2025-06-24,9
333,2025-02-03,9
536,2025-06-22,0
1676,2025-03-31,0
340,2025-03-16,0
69,2025-04-15,0
1874,2024-11-20,0
532,2025-06-25,29
1572,2025-08-26,99
1041,2025-09-28,0
1696,2025-08-16,29
287,2024-11-27,9
618,2025-03-27,0
151,2025-05-10,9
1695,2025-08-09,0
796,2025-02-07,0
310,2025-07-18,0
1939,2025-10-20,9
611,2025-09-27,0
1973,2025-03-14,0
1483,2025-04-16,29
713,2025-04-29,9
62,2025-02-26,9
229,2025-06-05,29
1303,2024-10-22,29
654,2025-09-24,29
738,2025-08-18,9
919,2025-09-16,0
926,2025-08-02,9
356,2024-11-27,29
1973,2025-08-01,0
1539,2025-04-18,0
712,2025-06-25,29
735,2025-07-06,9
415,2025-07-19,0
774,2025-03-10,0
1101,2025-09-17,99
1234,2024-11-15,9
1911,2025-08-27,0
1433,2025-05-17,0
841,2025-03-25,9
1102,2025-01-14,9
1309,2025-04-06,99
1039,2025-09-07,9
855,2025-01-12,9
1608,2025-05-02,29
131,2025-02-03,0
1925,2025-02-24,0
1171,2025-09-08,0
12,2025-02-09,99
515,2025-03-02,9
144,2025-05-22,29
247,2025-06-03,29
1892,2024-12-11,9
1990,2025-05-29,99
1771,2025-09-18,0
1293,2025-04-28,0
1889,2025-08-24,0
1880,2025-03-04,9
326,2025-10-04,0
475,2025-07-14,0
935,2025-08-14,9
1711,2024-11-09,0
1431,2024-11-08,0
1050,2024-11-29,0
326,2025-06-22,9
1475,2025-08-22,29
3,2025-09-11,0
1875,2025-04-18,0
1105,2024-10-28,29
703,2024-12-09,0
686,2025-10-17,0
1338,2025-09-20,29
1889,2024-12-22,0
1583,2025-04-11,99
1261,2025-04-17,9
721,2024-10-22,99
1840,2025-04-06,9
333,2025-01-08,0
1539,2025-07-16,99
1593,2025-10-10,9
152,2024-12-12,29
1940,2025-09-29,99
1104,2025-07-01,0
1957,2025-02-16,0
927,2024-12-22,29
1567,2025-09-26,29
589,2025-10-19,9
992,2025-09-27,29
58,2025-02-05,9
1132,2024-11-27,99
800,2025-07-03,0
612,2025-03-10,9
1640,2025-01-27,29
618,2024-11-23,0
165,2025-03-15,9
1893,2025-07-07,9
673,2025-10-08,0
146,2025-07-01,9
1581,2024-12-25,29
1531,2024-11-11,9
362,2025-03-24,9
300,2025-06-21,0
952,2025-02-17,0
1407,2025-07-30,9
1704,2025-07-20,9
1505,2025-08-11,0
1383,2025-01-20,0
868,2025-04-06,9
1306,2025-07-03,99
1433,2024-11-26,0
1899,2025-07-22,0
387,2024-11-27,29
277,2024-10-22,29
1238,2025-01-12,0
1461,2025-04-25,99
893,2024-11-21,0
1411,2024-12-12,29
1289,2025-06-09,29
54,2025-01-17,0
1258,2025-05-11,29
517,2025-07-13,0
1918,2025-04-12,0
1097,2024-10-25,9
14,2024-10-25,9
854,2025-07-19,0
1296,2025-03-04,9
1179,2025-09-04,99
1108,2024-12-07,9
1524,2025-09-21,0
1668,2025-04-04,29
1282,2025-07-18,9
1499,2024-12-12,29
111,2025-04-25,9
876,2024-11-18,99
1507,2025-01-18,99
616,2025-03-19,99
836,2024-11-25,0
141,2025-08-01,0
551,2025-08-31,29
763,2024-11-30,29
1102,2024-12-01,9
187,2025-02-20,29
636,2025-03-13,9
1624,2025-09-29,0
1338,2025-02-15,0
549,2024-12-14,0
690,2025-03-19,0
893,2025-08-18,99
571,2025-09-02,29
1722,2025-08-10,9
1218,2025-09-26,0
1684,2024-12-12,9
132,2025-06-28,0
64,2025-07-11,9
621,2024-12-16,29
535,2024-11-17,99
1094,2025-05-16,0
403,2025-05-28,0
1368,2024-10-25,9
521,2025-06-16,0
473,2025-07-01,0
1943,2024-12-24,29
574,2025-04-10,29
300,2025-03-07,29
1098,2025-07-29,9
350,2025-01-12,29
1759,2025-06-22,0
773,2025-08-08,9
1931,2024-12-19,99
1419,2025-10-14,0
1187,2025-03-30,29
1943,2025-06-18,29
730,2025-07-15,0
1579,2025-04-11,29
141,2025-09-20,0
1457,2025-01-14,0
1533,2024-11-24,29
1906,2025-10-05,29
924,2024-11-30,0
1656,2024-12-15,99
1758,2025-08-10,99
1577,2024-12-08,9
449,2025-06-07,0
1851,2025-08-01,29
1646,2025-03-20,99
530,2025-03-07,0
1459,2025-04-06,9
1645,2025-02-21,0
896,2025-08-25,0
220,2024-12-15,0
1998,2025-01-26,0
616,2025-02-06,9
1518,2025-06-29,0
1244,2024-11-23,9
714,2025-01-26,0
257,2025-05-24,9
501,2025-06-12,9
1356,2025-06-12,99
1865,2025-07-29,99
141,2025-06-14,9
1,2025-02-09,29
664,2025-08-20,9
1946,2025-10-22,0
529,2025-07-17,9
1705,2024-11-01,9
967,2025-09-16,29
1439,2025-09-15,9
1370,2025-07-04,9
247,2025-09-27,9
830,2025-02-16,0
1033,2025-01-09,29
1532,2025-05-11,0
628,2025-06-14,9
1806,2025-05-07,0
329,2025-01-03,99
713,2025-08-08,29
1940,2025-03-23,0
1,2025-02-13,0
561,2025-06-29,99
681,2024-11-12,99
1519,2025-08-22,99
371,2025-10-05,0
1065,2025-08-26,29
101,2025-01-22,0
400,2025-05-02,9
1387,2025-03-20,9
776,2024-12-04,9
1592,2025-01-23,9
1620,2025-05-04,0
273,2025-06-26,9
274,2025-06-09,99
429,2024-11-18,9
1151,2025-05-15,9
963,2025-10-02,0
1042,2024-10-26,29
903,2025-03-11,29
1613,2025-10-19,9
1114,2025-02-21,0
967,2024-12-12,9
1785,2025-03-21,99
289,2025-09-21,9
1533,2025-09-12,99
514,2025-05-30,99
193,2025-04-03,9
282,2025-03-12,0
684,2025-05-22,0
474,2025-07-14,29
929,2024-12-28,0
1344,2025-08-14,9
581,2025-04-22,0
1120,2025-08-17,0
925,2024-11-19,99
324,2024-10-28,29
1163,2025-06-07,0
135,2024-11-17,29
657,2024-10-27,29
177,2025-01-31,0
331,2025-01-13,29
702,2024-11-06,29
26,2025-10-15,0
1989,2024-11-14,9
879,2025-08-24,99
657,2025-03-25,29
416,2025-05-06,9
984,2025-02-10,0
1148,2025-06-23,0
1426,2025-07-25,29
21,2025-05-04,9
398,2025-08-15,29
747,2025-04-01,99
1018,2025-04-04,0
1781,2025-07-21,0
245,2025-03-27,29
1655,2024-11-23,29
1948,2025-06-27,9
1105,2025-05-18,29
1652,2025-05-18,99
1331,2025-06-18,9
1943,2024-12-20,0
339,2025-02-06,9
342,2024-11-23,29
1167,2025-02-19,9
1536,2024-11-21,0
676,2025-05-08,99
470,2025-10-14,29
476,2025-01-08,0
878,2025-08-31,29
55,2024-12-21,99
1730,2025-05-18,29
1090,2025-02-25,0
1399,2025-03-22,9
1297,2025-06-06,0
800,2025-06-25,0
1417,2025-08-14,9
1218,2025-09-11,9
140,2025-07-01,9
1947,2025-07-13,9
1940,2025-06-28,9
639,2024-11-16,29
1605,2025-02-19,99
1903,2025-07-20,9
200,2025-04-09,99
102,2025-08-01,0
1913,2025-09-15,0
1402,2025-01-22,9
170,2024-11-13,0
404,2025-01-24,29
1178,2024-11-24,9
1779,2025-10-16,9
1679,2025-04-08,0
903,2024-12-06,9
8,2025-04-16,9
1526,2025-06-16,9
1804,2025-06-15,9
1764,2024-11-12,0
616,2025-02-19,0
1077,2025-07-07,29
257,2025-08-06,0
190,2025-07-04,0
1166,2025-08-05,9
1488,2024-12-29,9
1195,2024-12-07,0
181,2024-10-26,9
137,2025-07-23,0
1730,2024-12-14,29
1549,2025-07-21,9
1277,2024-10-26,0
72,2024-12-24,0
576,2025-05-02,9
1781,2025-03-05,0
1019,2025-05-13,29
1779,2025-05-10,0
271,2025-08-22,0
1116,2025-09-06,9
240,2025-07-28,0
1176,2025-01-30,29
1310,2024-12-25,99
874,2025-03-15,0
1473,2024-12-10,0
1962,2025-08-09,9
1714,2025-08-21,9
1491,2025-09-26,99
1305,2025-02-03,0
1222,2025-08-02,9
1694,2025-10-01,0
1339,2024-12-06,9
121,2025-08-17,29
1956,2025-10-06,99
196,2024-11-02,29
914,2025-03-01,9
1490,2025-08-31,9
1105,2025-04-06,0
654,2025-02-04,0
993,2025-05-13,0
647,2024-11-15,9
194,2025-02-01,0
491,2025-07-25,29
331,2025-06-02,99
522,2025-06-22,29
825,2024-11-20,9
356,2025-05-02,99
190,2025-04-16,99
218,2025-05-08,0
1327,2025-03-10,9
511,2024-11-12,9
1114,2025-05-04,9
1817,2025-09-20,99
1568,2025-05-30,9
944,2024-12-25,9
28,2025-03-13,9
21,2024-12-22,0
1305,2025-01-29,9
1094,2025-08-18,9
870,2024-11-30,99
1221,2025-10-04,9
1347,2025-06-01,0
1843,2025-07-10,0
72,2025-07-29,99
1779,2024-12-05,29
1911,2025-01-18,0
225,2025-08-05,9
753,2025-05-07,29
1963,2024-10-22,9
941,2024-11-08,9
338,2025-09-20,9
366,2025-09-22,99
1778,2024-10-26,9
1484,2025-01-24,99
465,2024-11-08,99
1924,2025-04-23,0
1543,2025-03-12,9
1754,2025-03-19,0
75,2025-10-14,9
311,2024-12-19,29
558,2024-12-30,9
1372,2025-10-18,0
1698,2025-09-20,29
468,2024-11-04,0
1061,2025-05-24,0
265,2025-08-29,0
1101,2025-10-11,9
1652,2025-07-26,9
1452,2025-08-05,0
67,2025-07-03,9
1806,2025-04-02,0
1308,2025-01-17,0
1394,2025-02-23,0
1739,2025-01-26,9
1050,2025-04-01,29
1755,2025-10-12,99
1,2025-07-28,0
1570,2025-02-23,9
1432,2025-02-04,0
1003,2025-09-07,9
1489,2024-11-21,9
1630,2025-05-31,29
1592,2025-03-15,9
681,2024-12-07,9
463,2025-05-04,29
316,2025-07-10,0
1885,2025-10-07,0
45,2024-11-11,0
1633,2024-12-30,0
320,2025-01-16,9
271,2025-08-30,9
211,2025-05-10,0
78,2024-11-08,0
530,2025-03-26,9
118,2024-11-17,0
814,2025-09-27,9
1246,2025-04-20,0
907,2025-09-23,29
1720,2025-02-08,9
1578,2025-08-18,9
1423,2025-09-15,0
643,2025-02-19,9
817,2025-02-26,99
1998,2024-11-24,9
744,2025-05-24,29
1951,2025-04-17,29
8,2024-10-25,0
1081,2025-03-14,9
21,2025-01-07,9
1216,2025-02-12,9
1864,2025-05-28,99
786,2025-08-22,9
1425,2025-02-17,99
1149,2025-08-05,0
601,2025-06-20,29
644,2025-01-24,9
44,2025-04-20,29
1440,2025-03-14,29
455,2025-06-08,9
1169,2025-05-01,0
380,2025-08-18,9
309,2025-08-19,9
1634,2025-01-05,9
278,2025-08-02,0
1100,2025-10-06,9
1066,2025-05-22,9
1136,2025-08-13,29
1410,2025-08-27,0
1356,2025-01-25,0
1081,2024-12-19,0
671,2024-10-24,99
553,2025-10-19,99
204,2025-03-30,0
1922,2024-10-31,29
1408,2025-01-20,29
1682,2025-05-20,9
1155,2025-03-05,99
255,2025-06-25,9
1697,2025-09-13,99
1890,2025-07-18,29
1237,2025-09-27,29
121,2024-10-25,0
297,2025-03-01,9
462,2024-10-22,9
1738,2025-08-12,0
1540,2025-07-04,29
1142,2025-03-17,9
1919,2025-09-16,99
1851,2025-08-04,0
1936,2025-07-31,0
382,2025-02-18,0
183,2024-12-01,0
1714,2025-01-09,0
67,2025-05-15,0
981,2025-01-22,29
1627,2025-04-03,0
1117,2025-05-01,99
9,2024-11-14,0
1724,2024-12-16,0
1351,2025-07-25,0
1133,2025-02-07,9
1629,2024-11-27,99
1963,2024-11-08,9
1706,2025-10-14,0
865,2025-01-19,29
1792,2025-10-05,29
76,2025-09-15,99
1816,2025-05-11,0
136,2025-03-31,0
804,2025-07-21,9
1285,2025-10-04,0
474,2025-03-15,0
1663,2025-04-18,0
1962,2025-08-08,99
389,2024-11-23,0
1321,2025-06-04,0
1683,2024-11-28,0
948,2025-05-06,29
1165,2024-12-12,9
1563,2025-06-26,9
450,2025-09-05,29
2000,2025-03-24,9
1052,2024-11-20,0
925,2025-06-08,9
1710,2025-05-30,9
1796,2024-11-15,99
89,2025-04-08,9
23,2025-07-06,0
1489,2024-12-11,0
215,2025-01-21,29
1118,2025-02-12,9
1984,2025-01-31,9
75,2025-09-17,99
1424,2025-02-21,9
1103,2025-10-16,9
1103,2025-08-29,0
1464,2025-03-23,29
1933,2025-07-21,0
992,2025-09-10,29
1920,2025-08-03,9
273,2025-02-25,0
136,2025-02-22,0
1213,2025-04-15,9
319,2025-02-04,0
1424,2025-01-20,29
772,2024-11-20,29
1159,2025-01-08,99
458,2024-12-13,9
1179,2025-08-20,9
281,2025-08-17,9
1539,2025-06-06,0
1159,2024-12-03,29
1659,2024-12-21,9
288,2024-12-02,0
296,2024-12-24,99
881,2025-04-14,9
1052,2025-04-20,0
1335,2025-02-20,0
368,2025-03-28,0
698,2024-12-07,0
521,2025-05-18,0
212,2025-03-10,0
1830,2025-08-17,9
982,2025-01-10,29
1955,2025-04-15,0
1888,2025-02-18,9
1115,2025-04-19,0
54,2025-02-01,0
1478,2025-09-18,9
537,2024-12-07,0
1490,2024-11-26,29
1524,2024-12-22,0
152,2025-08-31,0
1390,2025-07-15,0
1961,2025-02-17,0
1130,2025-09-07,0
901,2025-07-22,9
1522,2025-07-19,9
1645,2025-06-13,29
1872,2024-11-06,0
1858,2025-01-13,0
33,2025-09-11,0
1198,2025-09-19,29
488,2025-02-26,9
1829,2024-12-18,0
1685,2024-11-26,0
1878,2025-07-25,29
259,2025-01-26,9
1296,2025-03-09,9
552,2025-03-24,0
1571,2025-05-09,9
246,2024-11-10,0
1109,2025-07-11,0
222,2025-02-15,99
1816,2025-01-31,29
1592,2025-09-05,99
354,2024-12-28,0
833,2024-11-03,0
818,2025-03-28,0
467,2025-09-18,29
862,2025-04-15,29
507,2025-05-25,9
11,2025-08-08,29
893,2025-05-23,29
1171,2025-01-27,0
1422,2024-11-27,0
1264,2025-04-19,0
1173,2024-11-30,29
1111,2025-08-30,9
609,2025-08-26,29
1757,2024-12-15,9
829,2024-12-08,0
1917,2024-10-26,9
1478,2024-11-14,29
990,2025-09-09,29
193,2025-08-21,29
1817,2025-01-16,9
600,2024-12-11,29
1466,2025-01-06,9
205,2025-09-06,29
370,2025-03-26,29
676,2025-03-15,0
1821,2025-07-15,0
1377,2025-06-23,29
221,2025-10-21,0
1714,2025-06-29,9
1420,2024-11-23,9
953,2025-06-05,99
1691,2025-06-06,9
1210,2025-01-30,0
904,2025-10-13,0
92,2025-09-02,9
1931,2024-11-20,9
1479,2024-10-30,29
517,2024-11-16,9
553,2025-01-06,0
1899,2025-10-07,0
1777,2025-06-29,0
855,2025-04-12,0
1799,2025-09-01,0
1773,2024-12-11,29
1757,2024-11-26,29
701,2025-10-08,29
364,2025-09-16,0
441,2025-09-09,0
1859,2025-09-01,0
1146,2025-02-27,29
1881,2024-12-08,9
1988,2024-11-07,9
1498,2025-10-22,29
468,2025-04-19,29
1834,2024-11-10,0
248,2024-12-26,9
833,2025-10-15,0
26,2025-06-01,9
850,2025-04-08,0
1922,2025-09-06,9
24,2025-07-30,99
912,2025-03-24,9
1462,2025-05-02,0
1347,2024-11-02,0
1902,2025-03-19,0
129,2025-07-14,9
520,2025-04-05,0
170,2024-12-28,99
405,2025-03-08,99
1961,2025-01-13,29
1697,2025-10-09,9
900,2025-01-02,0
976,2025-02-05,0
1200,2025-02-07,0
1875,2025-04-13,9
21,2025-09-30,99
1028,2024-12-18,9
1057,2024-11-04,9
1118,2025-06-17,0
1289,2025-06-19,0
493,2025-06-18,0
737,2025-01-25,0
1917,2025-06-30,0
1709,2025-02-13,29
952,2025-05-03,99
987,2025-03-31,0
322,2025-09-29,9
728,2025-05-23,0
1373,2025-04-26,0
1990,2024-11-14,9
226,2024-11-25,9
792,2025-02-07,0
1090,2025-03-19,0
487,2024-12-14,0
127,2025-04-02,99
1512,2025-01-07,0
1524,2025-06-28,0
1247,2025-09-30,0
1083,2025-08-27,0
442,2025-05-14,9
377,2025-01-26,29
581,2025-06-23,99
1240,2025-08-29,29
1554,2025-05-21,99
384,2025-08-26,0
667,2024-10-29,9
461,2025-03-19,0
1142,2025-08-21,0
1829,2025-07-26,9
972,2025-03-10,29
1941,2025-04-26,9
1312,2025-05-21,0
1107,2025-08-21,99
1604,2025-04-28,9
344,2025-03-04,29
1761,2025-10-11,99
1800,2025-05-29,9
1505,2025-05-05,0
565,2025-02-23,0
53,2025-03-21,9
1982,2025-02-04,0
1473,2024-12-30,9
416,2024-11-01,0
1660,2025-02-22,99
1928,2025-06-10,9
540,2025-01-15,0
568,2024-11-02,0
1832,2025-10-04,9
1627,2025-09-01,0
264,2025-08-20,9
633,2025-02-08,29
820,2024-11-13,0
738,2025-09-01,9
1336,2025-04-23,9
930,2025-05-15,0
333,2025-03-09,29
814,2025-08-15,9
1215,2025-06-05,99
1521,2025-01-20,0
895,2024-12-22,29
637,2024-11-29,9
1733,2025-01-26,0
296,2025-07-04,0
854,2025-01-23,0
100,2025-02-02,0
1730,2025-05-17,0
1917,2025-09-04,99
85,2025-08-25,0
950,2025-10-13,99
1116,2025-08-04,99
874,2024-11-12,29
1094,2025-08-14,9
348,2025-01-15,9
907,2025-06-02,9
717,2025-09-15,0
142,2025-08-27,0
1029,2025-03-21,0
1563,2025-03-08,29
1095,2025-10-20,9
1275,2025-09-12,0
1023,2025-09-15,0
1102,2024-12-28,9
1835,2024-12-29,0
1403,2025-01-21,9
1119,2025-06-09,0
998,2025-02-22,0
1741,2025-08-31,29
1529,2025-08-04,29
907,2025-07-19,9
402,2025-03-10,29
1307,2025-10-11,9
1191,2025-06-08,9
1164,2024-11-01,29
276,2025-07-22,9
988,2025-07-21,0
1281,2025-03-07,0
210,2025-05-30,0
1058,2025-05-28,29
1041,2024-12-16,0
1557,2025-05-28,0
1081,2025-01-03,0
1061,2025-09-11,29
21,2025-09-01,29
436,2025-09-29,29
1278,2025-05-01,9
1150,2025-05-20,0
814,2025-02-19,0
790,2024-12-29,0
1939,2025-04-30,9
1239,2024-11-05,99
1505,2024-11-26,9
322,2024-11-12,29
1615,2025-01-20,0
15,2025-06-12,0
1875,2025-01-14,29
717,2024-10-29,0
1026,2025-05-14,99
772,2025-04-25,0
946,2024-10-22,29
1809,2025-02-27,29
1483,2025-10-13,9
1209,2025-06-17,29
1080,2025-01-08,9
1825,2025-08-31,0
618,2024-12-11,29
1177,2025-03-03,9
373,2025-07-27,9
416,2024-12-29,29
1353,2025-10-13,29
234,2025-08-29,0
1723,2025-09-14,29
707,2025-09-24,99
147,2025-02-24,29
1171,2024-11-14,0
1409,2024-10-30,0
1454,2024-12-18,29
1090,2025-06-06,29
1252,2025-07-22,0
1222,2025-10-13,99
49,2024-12-16,0
1065,2025-08-18,9
736,2024-12-04,29
212,2025-09-15,99
539,2025-05-14,9
1939,2025-09-21,9
967,2025-03-12,29
1785,2024-11-19,0
272,2025-03-16,29
840,2025-07-22,99
128,2025-10-22,29
1543,2025-07-06,9
1392,2025-03-24,0
454,2025-06-06,0
1432,2024-11-30,9
327,2025-03-01,29
405,2025-02-16,29
1790,2025-02-24,0
616,2024-12-13,9
1691,2024-12-22,0
821,2025-08-02,0
81,2025-04-09,9
933,2025-08-25,29
965,2025-06-27,9
1939,2025-04-29,29
542,2025-07-01,0
1445,2025-02-22,99
790,2024-12-28,0
1088,2025-07-23,0
368,2025-05-28,0
759,2025-07-18,9
1738,2025-10-02,29
621,2025-10-17,9
470,2025-06-17,0
601,2025-08-23,0
727,2025-03-09,29
458,2025-01-16,9
666,2025-07-07,0
1752,2025-06-07,9
30,2025-09-03,0
1126,2024-12-29,9
1008,2025-03-17,0
317,2025-02-18,0
1625,2025-08-03,0
1627,2025-07-16,9
371,2025-02-13,9
325,2024-12-10,0
411,2024-12-30,9
1880,2025-08-01,0
765,2024-10-22,0
1837,2025-07-21,0
414,2025-06-01,0
1127,2025-03-23,0
520,2025-09-17,0
387,2025-08-17,9
1209,2025-05-30,0
1913,2024-11-03,0
1303,2024-12-31,0
1071,2025-06-12,0
1736,2025-02-22,29
276,2025-10-14,9
920,2025-09-01,0
868,2025-06-16,29
498,2025-01-15,0
171,2025-06-27,29
630,2025-05-29,0
1981,2024-12-01,0
889,2025-10-20,99
279,2025-05-02,29
479,2024-12-15,9
826,2025-02-27,9
1341,2025-08-07,29
159,2024-11-21,0
1286,2025-01-22,0
1253,2025-03-05,0
699,2025-02-23,99
567,2024-12-26,0
772,2025-06-26,0
860,2025-09-30,0
1275,2024-11-25,9
1215,2025-09-06,0
617,2025-07-24,99
441,2025-07-09,0
1178,2025-06-27,9
310,2025-08-01,9
1775,2025-10-01,0
1344,2025-03-01,9
1520,2025-04-13,99
1515,2024-10-26,0
34,2025-02-01,0
97,2025-01-11,9
161,2025-01-26,99
1209,2025-07-18,0
252,2024-11-17,99
1473,2025-03-07,0
831,2025-01-29,99
550,2025-08-23,9
1295,2024-12-02,9
432,2025-07-28,29
1662,2024-10-22,0
796,2024-11-09,0
966,2025-03-20,29
192,2025-04-10,0
1445,2025-08-02,9
1191,2025-04-02,9
1021,2024-12-25,0
1182,2025-09-30,0
1042,2025-03-31,0
958,2025-05-01,0
232,2025-09-29,0
1975,2025-03-18,0
1300,2025-03-07,0
1272,2025-05-22,99
284,2025-03-16,9
1663,2024-11-30,9
1743,2025-09-08,9
124,2025-04-26,9
119,2025-08-24,99
120,2025-09-22,0
1245,2025-06-03,0
1589,2025-07-01,29
1762,2025-08-12,0
1944,2025-07-15,29
1324,2025-01-17,9
767,2024-12-24,29
564,2025-04-15,0
178,2024-11-19,9
656,2025-08-28,99
1931,2025-09-15,29
890,2024-11-03,29
1117,2025-02-13,0
1644,2024-10-29,0
630,2025-02-22,29
1606,2025-01-31,0
1971,2024-12-01,99
1749,2024-11-19,99
1429,2025-03-03,0
610,2024-12-27,0
1076,2025-10-01,29
205,2025-03-16,9
354,2024-12-23,9
884,2025-08-02,9
425,2024-11-20,29
367,2025-05-22,9
137,2025-10-22,0
1731,2025-10-05,0
1283,2024-11-27,29
958,2025-03-02,0
1787,2025-06-09,0
1568,2025-06-17,99
601,2025-10-03,29
45,2025-04-27,0
316,2025-07-22,0
575,2024-11-03,9
1647,2025-04-07,29
1199,2025-07-02,29
921,2024-12-25,29
1906,2025-06-14,29
717,2025-10-02,9
1915,2025-04-08,0
1890,2024-12-22,99
1331,2024-11-11,9
716,2024-11-30,9
1728,2025-02-27,29
1523,2025-01-09,0
162,2025-01-03,0
826,2025-03-29,0
322,2025-07-19,0
984,2025-05-25,0
127,2025-07-29,29
1103,2025-10-16,29
788,2025-08-01,0
1995,2025-05-19,9
1783,2025-02-02,9
1408,2025-07-05,9
668,2025-02-08,9
464,2025-02-14,29
1234,2025-01-22,99
1253,2024-11-28,0
1219,2024-11-10,0
843,2025-03-23,9
603,2025-06-01,0
639,2025-05-23,9
1007,2025-09-13,9
1446,2025-04-30,0
387,2024-12-20,29
643,2024-11-12,0
555,2025-03-11,9
433,2024-10-23,0
1265,2025-04-06,9
446,2024-11-25,9
1518,2025-02-13,0
952,2025-09-06,9
727,2025-07-06,99
877,2025-06-21,0
914,2025-06-12,29
826,2025-04-26,0
1437,2025-01-07,0
378,2024-11-28,9
707,2024-10-31,99
1375,2025-01-10,9
1343,2024-12-27,29
714,2025-06-26,29
1483,2025-02-12,29
588,2024-11-22,9
192,2025-04-23,0
1001,2025-09-14,99
1425,2024-12-05,0
508,2025-02-18,29
1436,2025-08-22,9
531,2025-03-25,99
451,2025-04-22,0
564,2025-04-29,29
674,2025-10-04,9
1923,2025-07-05,0
1561,2025-02-01,99
1700,2024-11-26,0
688,2025-06-28,29
1408,2025-05-21,29
786,2025-03-21,9
1634,2025-01-01,0
260,2025-03-15,29
482,2025-09-30,9
162,2025-03-19,29
1439,2025-03-14,0
69,2025-01-02,29
465,2025-04-13,99
237,2024-11-08,29
651,2025-02-01,9
1526,2025-04-10,29
575,2025-04-20,29
598,2025-02-01,0
659,2025-01-17,0
947,2025-09-12,0
74,2025-02-03,0
1672,2025-05-29,9
1049,2024-11-14,29
193,2024-12-19,0
142,2025-08-10,9
1963,2025-07-19,99
1832,2025-07-08,9
348,2024-11-28,29
895,2024-11-24,99
1361,2025-07-08,9
1614,2025-03-04,0
1177,2025-08-31,0
1437,2025-05-20,29
97,2025-03-31,0
1464,2025-08-11,0
1020,2025-06-08,9
1816,2025-01-18,9
1096,2025-05-24,0
42,2024-11-14,0
1341,2025-09-13,0
33,2025-03-21,29
665,2025-09-04,0
1136,2025-05-12,99
1626,2025-04-02,0
1306,2025-05-17,9
356,2025-07-15,29
1287,2025-09-23,9
48,2025-10-20,0
1751,2025-04-24,0
465,2025-06-01,0
1919,2025-09-29,29
1491,2025-01-21,0
1012,2025-04-24,0
1841,2025-02-15,0
1406,2024-11-21,29
433,2025-03-24,0
209,2025-10-07,9
734,2025-09-18,0
428,2025-07-26,99
304,2024-11-04,29
1405,2025-05-04,9
63,2025-05-31,9
1022,2025-10-06,29
1131,2025-05-10,29
1096,2025-08-28,9
1137,2025-05-31,99
1631,2025-07-12,9
1286,2025-06-19,9
318,2024-12-18,0
977,2024-12-07,29
918,2025-08-12,0
32,2025-04-14,0
1429,2024-12-28,99
1530,2024-12-25,9
1260,2025-01-12,29
6,2025-08-31,9
1726,2025-01-04,0
769,2024-12-10,9
807,2024-11-07,9
523,2025-04-04,0
563,2024-11-21,9
172,2025-07-14,9
1699,2025-04-09,29
656,2025-01-08,9
1515,2025-09-06,9
22,2025-06-22,9
1798,2024-12-18,9
619,2025-09-10,0
1111,2025-06-10,9
1392,2025-01-30,0
278,2025-02-23,0
333,2025-10-10,9
157,2025-07-31,9
1450,2025-10-12,9
1943,2025-08-31,99
90,2024-11-17,9
665,2024-11-24,9
1742,2025-03-21,0
566,2025-05-26,9
573,2025-03-25,9
704,2025-05-24,9
993,2025-02-25,29
1088,2025-09-19,0
1650,2025-02-06,0
1048,2025-05-11,99
798,2025-04-17,9
1142,2025-10-13,29
716,2025-09-26,29
906,2024-10-26,99
1883,2025-08-23,9
1183,2025-07-21,0
1313,2025-06-20,0
303,2025-06-07,9
1035,2025-05-12,0
1804,2025-08-21,99
810,2025-04-02,0
717,2024-12-04,29
1952,2025-03-31,0
787,2024-12-19,0
850,2024-12-18,0
1711,2025-05-30,9
275,2025-06-07,9
1240,2025-06-05,29
102,2025-08-12,0
1737,2025-10-21,0
485,2024-11-29,0
599,2025-10-16,29
106,2024-12-02,99
365,2025-05-28,99
1998,2025-08-20,99
1127,2024-11-30,99
236,2025-08-23,0
1248,2025-02-10,9
448,2025-09-23,0
1689,2025-05-18,99
1289,2025-09-28,0
1971,2025-03-04,0
324,2025-09-27,0
1893,2025-03-30,0
1843,2025-02-01,9
1725,2025-03-19,9
523,2025-07-03,9
163,2025-04-28,29
584,2025-06-01,9
1995,2025-06-15,9
1440,2025-04-23,29
229,2024-11-05,9
1861,2024-12-27,0
1351,2025-02-05,0
1879,2025-03-27,29
468,2024-12-16,29
1710,2025-06-19,9
344,2025-06-15,0
1533,2025-07-13,0
1247,2025-07-18,9
1435,2025-03-27,0
1005,2024-11-06,9
343,2025-03-24,0
1479,2025-10-02,99
895,2025-09-28,99
1596,2025-02-27,9
1125,2025-07-17,0
497,2025-01-22,0
832,2024-11-10,9
160,2025-08-07,0
1781,2025-04-24,9
1894,2025-10-14,0
970,2025-02-03,9
998,2025-10-05,29
1733,2025-03-15,99
686,2024-10-29,99
923,2025-03-02,0
844,2025-09-04,29
514,2025-08-26,0
687,2025-02-16,9
1865,2025-02-19,29
1643,2025-02-07,0
1452,2025-09-14,0
1041,2025-04-30,29
99,2025-09-20,9
798,2025-07-19,29
1406,2025-07-14,0
1981,2024-11-29,0
397,2025-09-24,0
1230,2025-01-18,0
348,2024-12-13,29
540,2025-02-15,0
872,2025-08-06,29
488,2025-04-12,29
1257,2025-08-18,29
65,2025-09-07,99
763,2025-02-23,9
1077,2025-02-03,29
130,2025-08-01,29
1816,2025-04-01,29
827,2025-06-13,9
1406,2025-06-29,99
1245,2024-11-25,0
1257,2025-01-02,0
400,2025-04-11,29
464,2025-01-12,9
1102,2025-10-11,99
1760,2025-09-06,0
1068,2025-03-29,9
1549,2025-08-05,0
1048,2025-04-28,99
1022,2025-08-12,0
349,2025-05-10,0
1098,2025-09-23,0
546,2025-03-16,0
350,2025-09-05,9
925,2024-11-12,9
1365,2025-05-10,0
804,2025-08-25,9
7,2024-12-22,0
1492,2024-11-16,29
1016,2025-02-19,0
992,2025-07-24,9
268,2025-05-06,0
598,2025-03-27,0
1445,2024-12-13,0
974,2025-08-21,9
1603,2025-09-17,9
379,2025-05-13,29
693,2025-09-28,29
413,2025-05-30,0
1593,2024-11-02,0
521,2024-12-28,0
466,2025-01-04,9
1327,2025-09-26,9
107,2025-09-10,9
1107,2025-01-07,99
1466,2025-09-12,29
742,2024-11-13,9
1488,2025-01-26,29
627,2024-11-03,29
1350,2025-04-17,0
1960,2024-11-10,9
966,2025-10-13,9
1474,2025-03-10,0
933,2025-07-22,0
1648,2025-01-07,0
892,2025-02-05,29
1188,2025-03-14,0
1061,2025-09-06,99
1419,2025-04-20,0
1934,2025-05-06,0
800,2025-03-25,29
1670,2025-06-25,9
1875,2025-10-15,29
1214,2024-12-09,0
1766,2025-07-13,0
814,2024-11-02,29
1211,2025-01-23,0
385,2025-03-15,9
426,2025-04-29,9
657,2025-06-09,9
211,2025-04-13,99
1250,2024-12-29,29
1499,2025-09-25,0
866,2025-04-24,9
1707,2025-06-06,0
738,2025-05-24,0
926,2025-03-06,9
495,2025-03-04,99
1665,2024-12-24,29
1983,2025-09-12,99
1994,2025-10-04,29
602,2025-01-30,9
1067,2025-08-08,9
114,2025-09-09,0
1974,2025-07-16,29
591,2024-11-26,9
696,2025-02-09,9
1823,2024-11-01,29
1947,2025-03-21,29
1754,2024-11-10,0
102,2024-12-24,29
111,2025-09-18,0
1192,2025-06-01,0
477,2025-08-20,9
454,2025-01-13,0
1890,2025-09-19,9
1480,2025-01-15,99
449,2025-06-30,0
947,2025-01-17,9
1899,2025-07-12,9
1825,2025-01-10,9
1650,2025-02-03,9
1202,2025-07-02,0
1060,2025-03-30,0
1564,2025-05-09,0
291,2024-10-29,9
1522,2025-09-22,9
1768,2025-08-21,0
1870,2025-08-16,9
533,2025-07-13,9
144,2024-10-25,0
1391,2025-04-24,0
872,2025-10-10,9
1647,2024-12-12,0
1544,2025-06-30,29
1231,2024-12-28,9
1844,2025-06-12,99
1770,2025-08-29,29
1993,2024-10-25,0
1227,2025-01-16,9
719,2025-01-28,9
1703,2025-06-15,0
1468,2025-08-30,0
968,2025-02-17,0
1807,2025-07-25,0
1069,2025-07-24,9
841,2025-06-28,9
1735,2025-02-05,9
823,2025-04-04,29
1446,2025-10-04,0
1349,2025-03-17,99
1386,2025-09-17,99
1689,2025-03-06,9
987,2025-04-18,0
1920,2025-01-27,9
136,2025-01-14,9
412,2025-04-21,29
373,2025-02-16,0
645,2025-07-11,0
1234,2025-05-12,0
1394,2025-09-07,9
177,2025-06-21,29
189,2025-03-25,9
1601,2025-06-05,9
1495,2024-11-30,0
1095,2024-10-24,9
507,2025-05-08,0
800,2025-07-06,9
497,2025-09-14,0
1356,2025-09-12,9
708,2025-03-16,29
775,2025-05-28,0
909,2025-06-30,0
154,2025-06-09,0
479,2025-06-15,29
129,2025-02-08,9
233,2025-02-14,29
1520,2025-07-14,29
1812,2024-12-02,99
381,2025-04-27,0
104,2024-11-15,29
658,2025-03-01,29
1125,2025-02-06,9
895,2025-06-27,0
56,2025-02-25,9
406,2025-09-21,9
1017,2025-02-06,99
594,2025-01-31,29
1045,2025-07-03,0
841,2025-07-25,29
312,2025-10-03,9
1432,2025-07-02,99
522,2025-02-15,9
549,2025-01-03,9
1081,2024-12-19,9
423,2025-05-10,9
892,2025-08-15,29
1578,2025-01-23,9
782,2025-10-06,0
1929,2024-11-13,9
1742,2025-08-30,29
1859,2025-09-19,9
773,2025-08-29,29
366,2025-09-01,0
1881,2025-06-12,9
985,2025-03-27,99
1854,2025-07-05,9
729,2025-02-23,29
659,2025-07-13,0
626,2024-12-15,9
1926,2025-07-29,0
1653,2024-10-31,9
952,2025-07-03,9
1547,2025-05-03,0
1141,2025-02-13,99
1920,2025-01-30,9
778,2025-10-09,0
1702,2025-04-02,9
507,2025-03-28,29
267,2025-03-21,0
107,2025-08-04,0
1329,2024-11-04,0
46,2025-06-05,9
1418,2025-07-23,29
1956,2025-06-01,29
453,2025-09-03,0
604,2025-01-03,29
439,2025-03-04,9
110,2025-07-31,9
431,2025-07-26,0
345,2025-01-16,29
224,2025-07-15,29
1875,2025-05-17,0
1795,2025-06-26,0
60,2025-08-22,0
638,2025-04-24,99
1847,2025-10-09,29
72,2025-10-22,99
726,2025-07-09,0
830,2025-03-10,29
992,2025-05-07,0
1466,2025-02-15,9
1248,2025-09-15,0
540,2024-12-27,9
1748,2025-09-13,99
918,2025-07-04,0
1162,2025-09-27,0
841,2025-05-26,0
1381,2024-12-31,29
1521,2025-02-13,0
1453,2024-11-28,0
1295,2025-04-22,9
801,2024-12-10,0
919,2025-08-05,99
545,2025-01-30,9
528,2025-07-30,0
1765,2025-08-31,29
182,2025-05-27,0
876,2025-08-14,9
737,2025-10-11,0
1366,2025-01-01,0
1999,2025-07-12,9
1191,2025-10-06,9
1220,2025-03-01,29
1583,2025-07-03,9
450,2024-11-25,0
1323,2025-01-16,29
632,2025-03-08,0
615,2025-01-16,29
1180,2025-08-07,0
31,2025-09-25,0
1389,2025-02-18,99
1584,2025-04-03,29
1181,2025-08-24,9
828,2025-10-01,0
85,2025-02-27,9
660,2025-03-15,0
1666,2025-01-31,29
757,2025-06-06,0
1936,2025-02-13,29
144,2025-04-20,0
496,2025-09-17,9
1901,2024-12-06,9
1122,2025-04-22,9
1443,2024-11-11,0
893,2025-09-23,29
330,2025-06-25,29
401,2025-06-05,0
1303,2025-06-04,0
1630,2025-06-20,0
1043,2024-11-18,99
271,2025-04-23,29
1049,2025-10-02,9
1598,2025-01-05,0
1591,2025-05-04,9
1486,2024-12-07,0
357,2025-09-23,9
625,2025-07-13,0
495,2025-03-19,9
461,2025-05-15,0
961,2025-02-14,29
1861,2025-03-31,9
911,2024-11-11,0
44,2025-09-25,0
960,2025-09-18,29
1750,2024-12-19,9
230,2024-12-14,29
1449,2025-01-07,9
90,2025-03-04,9
1386,2025-03-29,29
1649,2025-05-31,99
1267,2025-10-03,9
908,2025-10-09,99
1431,2025-04-17,9
780,2024-12-16,99
1426,2025-02-21,9
1615,2025-09-21,0
81,2025-07-26,29
190,2024-12-31,29
1635,2025-08-20,9
1834,2024-11-22,0
568,2025-04-29,29
1980,2025-02-28,0
581,2025-06-24,0
676,2024-12-29,0
913,2025-02-20,9
1952,2025-06-25,0
686,2024-11-13,99
1096,2024-10-23,9
1811,2025-04-15,0
545,2025-02-05,0
450,2025-01-11,0
1772,2025-08-13,9
165,2025-08-18,0
1507,2024-12-26,0
517,2025-06-02,0
1913,2025-08-14,9
1594,2024-12-22,0
41,2025-04-30,9
1454,2025-08-22,9
1193,2025-08-14,9
166,2025-08-20,99
1889,2024-11-25,9
1327,2024-12-11,29
1022,2025-06-17,99
1163,2025-04-08,9
1493,2025-06-25,0
640,2025-04-06,9
1247,2025-03-27,99
312,2025-04-06,9
528,2025-04-25,9
781,2025-03-19,9
249,2024-10-23,9
1769,2024-11-05,0
1313,2025-05-17,0
441,2025-01-07,9
1689,2025-08-01,9
475,2025-03-15,0
793,2024-10-27,29
1951,2025-10-03,29
762,2025-02-24,9
381,2025-08-11,99
221,2025-09-10,0
255,2025-05-16,0
715,2025-01-04,99
1290,2024-10-28,29
525,2025-07-11,9
359,2024-10-23,99
1141,2025-06-22,0
1821,2025-08-02,9
1531,2025-01-26,29
595,2025-01-17,9
1629,2025-07-18,0
1427,2025-09-27,99
1489,2025-03-04,9
1221,2025-02-20,0
1046,2024-12-11,29
1746,2024-11-30,99
1557,2025-03-19,0
128,2025-05-05,99
1603,2025-06-07,0
929,2025-02-17,0
1246,2024-12-25,9
222,2024-11-16,9
858,2025-09-06,0
876,2024-11-08,0
442,2025-02-14,0
1758,2025-02-11,0
857,2025-04-17,29
1420,2025-07-31,99
1809,2025-05-12,9
338,2025-06-10,29
1302,2025-05-13,0
408,2025-03-02,0
944,2025-04-08,0
556,2025-10-01,0
1082,2025-07-15,0
1539,2024-12-12,0
1975,2025-03-04,0
922,2025-10-07,9
1859,2025-04-30,29
830,2025-03-10,9
720,2025-08-09,0
889,2025-01-03,29
673,2024-12-25,0
147,2025-10-09,29
731,2025-10-13,9
783,2025-09-02,0
1846,2025-03-27,29
1047,2024-10-29,0
677,2025-01-18,29
972,2025-01-17,0
198,2025-07-31,0
1024,2024-12-11,0
702,2025-01-12,9
666,2025-08-03,9
1934,2024-10-30,9
93,2025-06-08,29
141,2025-05-05,0
752,2024-12-26,29
1288,2024-12-08,0
1631,2025-03-13,29
560,2025-07-25,0
414,2025-07-01,0
1053,2025-08-25,0
595,2024-11-05,99
918,2025-03-16,29
333,2025-09-27,9
373,2025-06-27,9
817,2025-01-29,99
981,2025-08-17,9
341,2025-05-17,9
184,2025-06-21,0
548,2024-11-09,29
1743,2025-06-09,9
1147,2024-11-09,99
978,2025-07-06,29
1328,2024-12-02,0
753,2025-07-02,9
1799,2025-09-11,9
513,2024-10-29,0
1137,2024-11-09,29
1662,2025-07-16,29
94,2024-12-05,9
1744,2025-04-01,0
1176,2025-04-12,99
1055,2025-03-18,9
98,2024-12-08,99
1153,2025-05-22,0
1750,2025-01-28,9
1648,2025-04-24,0
394,2025-07-21,9
301,2024-12-20,29
304,2025-01-09,9
1861,2025-07-18,9
1046,2025-07-15,99
529,2025-06-23,0
1580,2024-10-25,29
375,2025-02-15,9
1043,2025-04-03,29
444,2025-07-05,29
1628,2024-11-30,29
1773,2025-07-06,0
903,2025-05-12,0
902,2025-02-03,29
1594,2025-06-20,29
1428,2025-06-14,0
525,2025-07-21,29
281,2024-12-14,29
984,2025-04-02,0
791,2025-09-09,29
1247,2025-10-05,0
1716,2024-12-01,0
1746,2025-05-08,9
344,2025-07-28,29
637,2025-06-18,9
690,2024-12-06,99
987,2025-02-08,0
1069,2024-12-05,9
717,2025-08-22,9
7,2024-12-02,29
127,2025-05-03,99
33,2025-01-07,9
493,2025-06-15,9
291,2025-01-07,0
1209,2025-08-20,0
1195,2025-02-01,0
1279,2025-09-09,29
1680,2025-05-13,0
1409,2025-01-08,0
458,2025-03-10,29
574,2025-07-22,0
1572,2025-03-30,9
1091,2025-02-13,0
1646,2024-12-23,9
949,2024-11-06,0
1367,2025-05-22,0
295,2025-05-02,29
1912,2025-10-10,29
1282,2025-01-10,29
175,2025-07-16,0
446,2025-10-19,9
2000,2025-04-26,0
700,2025-02-27,0
633,2025-01-21,9
237,2024-10-23,29
1317,2024-10-26,0
884,2025-07-09,29
437,2024-11-25,29
1775,2025-10-09,0
1094,2024-12-03,9
1683,2025-09-11,0
288,2025-06-01,0
1337,2025-07-08,99
1500,2025-05-01,0
1199,2024-12-18,9
636,2024-11-25,0
1523,2025-08-20,0
155,2025-05-08,9
1610,2024-11-20,0
1595,2025-07-30,0
1049,2025-07-30,9
936,2024-11-30,0
1947,2025-10-08,0
848,2025-01-29,0
1135,2025-06-29,9
1578,2025-01-19,0
178,2025-04-17,29
1217,2025-02-13,99
1448,2025-02-01,0
1862,2025-04-20,9
326,2024-11-10,29
218,2024-11-29,29
1148,2025-09-02,9
1670,2024-12-28,99
72,2025-09-26,0
393,2024-11-06,99
1137,2025-09-17,29
1895,2025-02-11,0
749,2025-03-10,29
114,2025-08-29,0
564,2025-07-11,9
194,2025-02-20,9
1128,2025-04-05,9
496,2025-08-04,0
1515,2024-12-06,99
691,2024-11-27,29
948,2025-09-17,9
1025,2025-08-12,9
1719,2025-10-02,29
1017,2024-11-08,0
1177,2024-10-25,99
1724,2025-09-17,9
1839,2024-12-14,0
397,2025-07-06,29
1423,2025-06-30,29
195,2024-12-27,0
984,2025-02-26,9
1798,2025-03-09,99
640,2025-10-04,29
737,2025-04-09,9
1008,2025-06-20,9
726,2025-02-03,0
1803,2025-09-28,0
638,2025-08-02,0
676,2024-11-27,0
13,2025-03-15,0
3,2025-09-03,9
1502,2025-03-04,0
1033,2025-01-01,9
215,2024-12-05,0
1983,2025-03-26,29
1009,2025-03-26,29
710,2025-04-17,9
400,2025-02-04,0
496,2025-09-11,9
1697,2025-03-20,0
705,2025-07-16,29
1875,2025-09-17,99
1076,2025-04-25,9
688,2025-08-28,0
1395,2025-04-03,9
1988,2025-06-30,9
1726,2025-10-01,9
298,2025-08-27,0
1190,2024-12-25,99
365,2024-12-04,29
1686,2024-12-12,9
1121,2025-07-19,0
207,2025-07-31,99
223,2024-11-13,9
1324,2025-09-14,9
238,2024-12-22,0
1829,2024-12-01,0
1386,2025-04-01,9
306,2025-10-10,0
722,2025-06-08,0
176,2025-04-27,9
344,2025-08-29,29
889,2025-05-30,0
911,2025-07-12,9
191,2025-04-10,0
99,2024-12-31,29
1547,2025-06-16,99
245,2025-03-18,99
1391,2025-08-20,9
282,2025-03-10,0
961,2025-06-16,29
1834,2024-11-02,9
997,2025-09-21,0
1234,2025-07-14,9
343,2025-09-28,0
1269,2025-09-12,9
192,2025-07-31,29
661,2025-10-03,0
1192,2024-12-11,0
528,2025-04-27,9
573,2025-10-14,0
1340,2025-04-29,9
1641,2024-12-04,0
486,2025-10-01,9
1935,2025-03-30,29
1050,2025-04-11,99
1616,2024-11-08,0
560,2024-11-15,9
748,2025-01-31,29
268,2025-07-03,9
273,2025-02-21,9
418,2024-10-26,0
150,2025-07-22,0
572,2025-09-24,29
214,2025-07-12,9
1567,2025-05-13,29
1092,2025-08-16,0
86,2025-08-06,0
1984,2025-06-02,99
1623,2025-07-30,9
1196,2025-05-29,0
429,2025-01-16,99
854,2025-07-09,0
1441,2025-09-26,29
1593,2025-03-02,0
1688,2025-05-11,0
493,2025-05-13,99
930,2025-07-16,0
1609,2025-07-21,9
938,2025-06-19,9
1193,2024-11-27,0
1797,2025-04-08,9
1676,2025-07-05,0
573,2025-07-31,0
307,2025-01-26,0
1597,2025-04-27,0
1855,2025-03-05,0
1579,2025-07-06,9
1025,2025-07-11,9
77,2025-06-28,29
1365,2025-03-20,9
1353,2024-12-18,9
1108,2025-09-12,0
121,2025-09-07,9
505,2025-05-26,0
960,2025-10-03,0
78,2025-06-17,0
351,2024-11-12,29
1080,2024-10-26,0
738,2025-06-28,29
876,2025-10-19,0
446,2024-12-21,9
57,2025-05-06,0
258,2025-09-16,9
1287,2025-04-22,29
517,2025-09-17,99
1224,2025-05-02,9
180,2025-09-24,0
688,2024-12-25,0
488,2024-11-20,9
160,2025-08-09,29
1343,2025-04-30,0
1851,2025-02-23,29
251,2025-01-23,0
1216,2025-02-27,9
1570,2025-02-07,99
732,2024-11-10,29
1864,2025-05-06,29
1927,2025-01-16,29
1595,2025-05-23,0
339,2025-06-28,9
1873,2025-03-18,9
1829,2025-03-27,9
524,2025-09-04,29
1666,2025-01-21,99
487,2024-11-21,0
1166,2025-04-18,0
434,2025-04-12,29
460,2025-08-29,0
1154,2025-06-01,9
1720,2025-04-14,29
130,2024-11-25,29
638,2025-09-19,9
202,2025-05-03,9
49,2025-04-13,29
1388,2025-02-21,9
891,2024-12-07,0
1770,2025-05-03,29
1357,2025-08-07,0
1551,2025-07-02,9
1459,2024-10-28,29
1900,2024-11-30,0
211,2025-03-27,9
1107,2025-03-31,0
1900,2024-11-04,29
1270,2025-05-26,0
630,2025-05-23,0
1335,2024-10-22,9
1700,2025-09-07,0
453,2024-11-26,0
1167,2025-08-25,0
642,2025-06-13,29
1487,2025-06-19,9
89,2025-06-26,29
1543,2025-02-17,0
1646,2025-10-02,0
211,2025-05-07,9
1564,2025-05-28,0
317,2025-01-10,9
1175,2025-07-03,9
1993,2025-07-09,9
1251,2025-04-17,9
30,2025-03-03,29
241,2025-03-12,0
1146,2025-09-07,9
534,2024-11-12,0
1790,2025-09-04,0
1698,2025-01-16,9
1579,2025-09-14,9
1241,2025-04-16,99
1574,2025-02-27,0
261,2025-05-27,9
1389,2025-08-16,0
196,2025-06-19,0
475,2025-06-11,0
1686,2025-04-23,9
873,2025-07-27,0
953,2025-07-04,0
1832,2025-03-12,9
1000,2025-07-27,29
812,2025-04-15,0
1678,2024-12-05,0
616,2024-11-28,0
1952,2025-08-12,9
205,2025-07-04,99
1554,2025-01-16,29
1783,2024-10-22,9
321,2025-03-03,29
1583,2025-03-08,29
1570,2025-09-09,9
1083,2025-06-25,29
248,2025-08-28,0
1395,2025-02-12,0
1675,2025-05-22,9
1275,2025-05-12,9
1991,2025-03-16,29
643,2025-07-21,29
1808,2024-12-02,99
117,2024-11-08,9
307,2025-10-05,9
636,2024-12-24,0
122,2025-05-01,9
1430,2024-12-15,0
418,2025-09-06,9
372,2025-07-27,0
1023,2025-08-06,9
1268,2025-07-29,0
1226,2025-03-29,0
6,2024-12-02,0
226,2025-01-28,9
1130,2025-06-16,0
215,2025-01-06,9
1845,2025-01-02,9
903,2024-12-07,9
556,2025-10-18,0
120,2025-09-17,0
60,2025-03-23,0
661,2025-01-13,9
1172,2025-04-17,9
276,2025-09-07,0
93,2025-08-21,0
866,2025-01-04,9
217,2025-07-27,0
77,2025-03-02,0
1954,2024-12-02,0
1114,2025-08-12,99
60,2025-03-31,9
262,2024-11-09,29
236,2025-10-16,9
124,2025-06-24,0
49,2025-09-12,29
993,2025-07-10,0
1958,2025-06-07,9
198,2024-12-08,99
773,2025-08-17,0
29,2025-10-03,0
1652,2025-04-14,29
105,2025-04-17,29
779,2025-07-04,9
1006,2025-06-07,9
1472,2025-05-05,0
73,2024-12-13,9
1629,2025-05-03,0
119,2024-10-23,29
1075,2025-05-15,0
1018,2025-08-03,0
1451,2024-11-09,0
1058,2025-05-24,0
1964,2025-10-20,99
1519,2025-04-08,9
1453,2025-09-12,99
1815,2025-06-06,0
1205,2025-04-27,9
994,2025-10-15,99
1382,2025-05-07,9
57,2025-08-21,99
172,2025-10-14,9
3,2025-10-10,99
607,2024-12-29,0
925,2025-07-17,0
1895,2025-06-03,29
951,2024-12-28,9
288,2025-08-01,0
290,2025-09-03,9
551,2024-12-10,0
1658,2024-12-01,29
613,2025-03-21,29
549,2025-07-04,0
242,2025-06-12,29
1390,2025-06-14,29
1010,2025-09-29,99
291,2025-02-23,0
551,2025-05-05,0
1959,2025-09-29,29
592,2025-03-20,99
1441,2025-04-02,9
1199,2025-06-15,99
1463,2025-10-12,99
1267,2025-07-17,29
1754,2025-08-14,0
1148,2025-01-26,0
880,2025-02-05,9
630,2025-03-25,29
1337,2025-03-04,0
1659,2025-02-13,9
1553,2025-04-15,29
346,2025-08-30,0
1421,2024-12-12,0
599,2024-12-14,0
1521,2025-03-31,0
131,2025-06-12,0
1621,2025-07-20,0
671,2025-10-01,0
932,2025-08-08,0
573,2025-05-08,29
1484,2025-02-15,99
88,2025-09-14,29
971,2025-07-21,9
1993,2025-05-22,29
764,2025-09-21,9
88,2025-02-20,0
1093,2025-07-25,0
806,2025-08-04,29
1560,2025-10-20,29
1862,2025-05-24,99
1167,2025-06-24,9
744,2025-01-14,99
1210,2025-01-08,0
106,2025-01-11,29
907,2025-06-21,9
1102,2025-07-26,0
1238,2025-02-11,9
1364,2025-07-15,0
1769,2025-03-05,9
1097,2025-10-14,0
1913,2025-07-10,29
1209,2024-12-12,0
306,2025-07-24,9
1594,2025-07-01,29
1732,2024-12-30,0
180,2025-05-05,0
1743,2025-05-20,0
194,2025-07-18,9
1012,2025-06-26,0
1465,2025-02-24,9
858,2025-07-24,0
72,2024-12-05,0
1299,2025-08-13,29
1155,2025-03-07,9
163,2025-05-28,9
1834,2025-04-26,0
540,2025-06-05,0
7,2025-05-31,29
373,2025-07-08,9
1282,2025-07-24,29
1363,2025-04-02,0
995,2025-07-10,29
217,2025-08-08,9
1205,2025-10-04,29
23,2025-09-13,0
1098,2025-05-17,9
1619,2025-02-10,9
280,2025-09-27,99
1951,2025-09-16,99
188,2025-04-04,29
1375,2025-08-31,29
971,2024-10-26,9
417,2025-05-13,9
118,2024-12-02,0
924,2024-10-31,9
1657,2025-03-18,0
1650,2024-12-17,9
860,2024-11-11,0
1441,2025-07-09,9
57,2024-11-12,9
766,2025-01-07,29
1028,2025-02-02,29
347,2025-08-09,0
1059,2025-08-23,9
1152,2024-12-23,0
799,2025-02-10,9
152,2025-07-14,0
477,2025-01-27,29
1702,2024-12-17,0
1326,2025-09-12,0
1666,2024-11-15,29
1905,2025-07-17,29
716,2025-08-22,0
287,2025-02-13,99
56,2025-01-09,9
1297,2025-08-10,0
905,2025-05-20,0
1813,2024-11-03,29
1255,2025-03-10,9
1164,2025-09-03,0
850,2025-04-15,9
1184,2024-11-30,9
1642,2025-06-18,0
74,2025-09-24,0
1616,2025-07-11,0
1243,2025-08-05,9
511,2025-05-28,0
1591,2025-09-22,29
763,2025-01-17,29
1267,2025-08-06,0
1222,2025-06-30,0
1200,2025-05-27,9
896,2025-03-22,29
266,2025-01-22,9
1306,2025-05-08,0
704,2025-08-22,99
190,2025-08-27,9
434,2025-08-28,0
1875,2025-07-19,9
1715,2025-02-10,29
315,2025-07-18,9
688,2025-07-07,0
1513,2024-11-09,9
1180,2025-10-16,99
1637,2025-03-19,29
1450,2025-03-21,99
51,2025-04-01,29
1717,2025-08-24,0
1160,2025-07-15,0
1293,2025-02-20,9
1689,2025-05-24,9
944,2024-11-11,0
1938,2024-10-27,29
1591,2025-08-06,9
1894,2025-01-27,29
1223,2025-01-08,9
744,2025-06-20,0
1993,2025-09-24,9
112,2025-08-21,0
1202,2025-09-21,9
184,2025-09-24,29
1420,2025-04-12,0
1039,2025-09-09,0
607,2025-01-17,99
832,2025-10-10,29
662,2025-06-25,99
1223,2025-07-22,9
1534,2025-07-24,0
1476,2025-06-30,29
379,2025-03-13,9
1634,2025-08-11,29
1539,2025-06-07,9
1639,2025-05-22,0
966,2025-08-04,29
1833,2025-06-13,99
323,2025-01-06,9
716,2025-08-19,29
1717,2025-07-30,0
1194,2025-01-05,0
379,2025-02-13,0
1993,2025-04-14,9
378,2024-12-29,9
668,2025-07-14,99
1097,2024-11-19,29
1860,2025-01-02,9
539,2024-12-28,29
534,2025-08-03,29
1768,2025-05-09,0
193,2024-12-07,9
1782,2025-03-17,0
1368,2024-11-06,0
707,2025-04-06,0
988,2025-02-07,9
1912,2025-05-26,99
463,2025-02-01,0
421,2024-12-11,9
351,2024-12-23,29
973,2025-06-05,0
685,2025-09-15,0
758,2025-01-29,0
1197,2024-10-24,0
843,2025-02-27,0
1062,2025-04-21,99
1303,2025-07-24,29
1672,2025-10-21,29
1352,2024-12-21,9
1500,2024-11-06,0
1594,2024-12-20,9
31,2025-10-17,0
533,2025-02-24,0
99,2025-06-10,9
371,2024-11-10,9
1613,2025-08-18,0
1903,2025-10-19,29
1613,2025-06-21,9
1425,2025-06-18,99
707,2025-09-14,0
1554,2025-07-06,9
104,2025-02-15,0
1034,2025-04-30,9
1729,2025-08-24,29
981,2025-06-01,29
108,2025-05-23,0
1925,2025-03-10,9
686,2024-11-19,99
1876,2025-08-22,0
388,2025-07-23,0
405,2025-02-22,29
148,2025-05-14,29
1565,2025-01-15,9
1900,2025-01-01,29
148,2025-05-12,0
734,2024-11-17,0
6,2025-08-23,0
1137,2025-05-06,99
1033,2024-12-22,0
1437,2025-04-01,0
1206,2025-05-20,0
1745,2025-05-18,0
1043,2025-03-27,0
630,2024-11-26,0
10,2025-03-06,0
1431,2025-01-15,29
1713,2025-09-30,29
1670,2025-01-12,0
295,2025-07-06,0
1310,2025-02-27,0
1599,2025-02-27,9
1210,2025-03-11,0
1536,2025-02-13,0
1307,2025-01-14,9
386,2025-08-10,29
1836,2025-06-19,9
1658,2025-05-16,0
889,2025-04-24,9
1171,2025-05-28,99
1434,2025-09-06,29
1267,2025-08-10,0
921,2025-07-01,9
756,2024-10-25,29
343,2024-12-05,9
1550,2025-07-08,0
1452,2025-03-05,0
980,2025-04-13,0
1495,2025-01-23,29
179,2025-10-08,0
1462,2025-06-28,0
1682,2025-06-17,9
190,2025-10-13,9
1541,2025-06-20,0
1741,2025-01-24,9
868,2024-11-06,9
661,2025-07-14,9
1168,2025-09-30,9
1528,2025-02-23,99
522,2025-03-19,99
1666,2025-10-12,99
125,2025-08-27,0
1170,2024-12-05,29
564,2025-03-20,0
129,2025-01-29,9
429,2025-05-19,9
630,2025-07-30,0
414,2025-02-08,0
1837,2024-10-31,0
295,2025-10-10,29
995,2025-05-10,99
1402,2025-09-06,9
591,2025-08-17,9
14,2025-03-16,9
303,2025-05-09,29
600,2025-08-29,0
610,2025-05-07,9
1772,2025-04-13,29
1403,2025-04-29,9
878,2024-11-08,0
1696,2025-02-14,9
98,2025-10-05,29
829,2025-07-02,99
183,2025-01-04,0
1928,2025-02-23,9
1412,2025-05-09,9
1561,2024-11-22,29
1611,2024-11-28,9
1351,2024-12-26,9
556,2025-08-18,29
1635,2025-05-18,0
446,2025-05-17,9
1459,2024-10-24,9
546,2025-06-22,0
660,2024-11-16,29
760,2025-01-11,0
1425,2025-07-09,0
1317,2025-06-23,29
414,2025-08-18,0
1147,2025-01-12,99
1441,2025-09-22,0
1584,2025-07-15,9
1856,2025-04-04,0
58,2025-09-11,0
1963,2024-12-01,29
1033,2025-01-09,0
119,2025-05-18,9
1430,2025-09-08,9
1768,2025-07-21,99
1910,2025-09-28,9
1297,2025-08-05,0
474,2025-08-19,9
1599,2025-04-09,9
175,2025-06-30,0
1952,2025-09-04,29
1209,2025-10-21,29
1769,2024-11-19,29
760,2025-08-08,29
951,2025-07-15,0
1069,2024-12-20,0
1773,2024-10-31,29
875,2025-04-18,0
456,2025-07-27,0
1295,2025-02-27,0
657,2024-11-05,0
319,2024-11-24,9
1452,2024-11-19,0
1176,2024-11-12,9
490,2024-12-30,9
1683,2025-08-26,29
675,2025-01-27,29
283,2025-05-26,99
1859,2024-11-18,9
1697,2025-06-02,9
730,2025-09-06,99
1409,2025-01-18,0
36,2025-10-10,9
1476,2025-01-30,29
1606,2025-03-29,29
320,2025-03-21,0
1287,2025-04-15,29
1140,2025-06-23,99
1804,2025-03-28,0
997,2025-04-08,9
1939,2025-02-21,0
249,2024-10-28,0
1059,2025-03-22,0
577,2025-07-10,9
466,2024-12-06,0
514,2025-05-17,0
1224,2024-10-24,0
1006,2025-06-28,29
165,2025-07-28,0
1600,2025-06-19,29
23,2024-11-15,9
2000,2025-08-11,29
1709,2025-08-07,9
1185,2025-06-06,29
1878,2024-11-08,0
855,2025-07-21,9
595,2025-09-16,29
1645,2024-11-19,9
1484,2025-03-09,0
1385,2025-10-17,9
1049,2025-05-05,0
1447,2024-12-02,0
1025,2025-02-11,0
531,2025-08-23,99
1178,2025-07-15,0
854,2025-02-16,9
82,2025-06-14,99
1658,2024-11-24,9
487,2025-02-08,0
175,2025-08-15,9
1440,2025-10-16,0
1388,2025-04-09,9
1577,2025-03-19,0
1765,2025-03-24,29
675,2025-09-06,29
1705,2025-07-05,9
1532,2024-11-02,9
1252,2025-04-24,0
1743,2024-12-21,0
1645,2025-05-17,9
523,2025-01-15,9
1951,2024-12-13,29
1777,2025-08-08,9
1375,2025-03-22,0
309,2025-08-27,0
257,2025-08-27,0
1088,2025-09-16,9
171,2025-05-21,0
1742,2025-02-13,0
238,2025-06-25,29
907,2024-12-16,29
585,2025-02-14,0
1470,2025-07-12,9
410,2025-10-01,0
1272,2025-10-12,99
729,2025-08-26,0
344,2025-09-23,99
1654,2025-08-01,0
1717,2025-06-30,9
1998,2025-03-15,9
1804,2024-10-26,99
1338,2025-05-24,0
222,2025-09-26,9
1785,2025-05-25,9
774,2024-12-15,0
1143,2024-12-08,0
91,2024-11-07,29
224,2024-10-23,0
1236,2025-06-01,9
1546,2025-06-10,0
1527,2025-03-24,9
1896,2025-05-18,0
1201,2025-05-22,0
1498,2024-11-24,99
347,2025-02-17,29
1177,2025-01-11,0
675,2025-08-08,99
1515,2025-08-05,0
993,2025-10-07,0
49,2025-07-30,29
717,2025-03-04,29
644,2025-01-12,9
193,2025-03-31,0
164,2025-10-08,99
6,2025-06-29,0
650,2025-09-17,29
1974,2025-05-09,29
1184,2024-12-16,9
1194,2024-12-23,0
1325,2025-01-01,29
328,2025-01-15,9
1709,2025-06-18,29
34,2025-09-11,9
251,2025-01-28,9
387,2025-01-05,0
1061,2024-12-05,0
447,2024-12-31,29
456,2025-07-09,0
1979,2025-08-28,99
535,2025-05-30,0
1538,2025-09-17,9
1194,2024-11-12,9
1641,2025-09-17,99
867,2025-08-09,9
1494,2025-10-19,29
1088,2025-05-23,0
1310,2025-04-19,29
382,2025-06-29,0
1756,2025-05-23,0
1293,2024-11-19,9
1442,2025-02-11,29
708,2025-07-09,29
1141,2024-11-17,9
1527,2025-01-27,9
787,2024-11-29,0
1322,2025-01-06,0
535,2025-07-30,9
805,2025-06-04,99
1241,2025-04-29,0
1257,2025-02-27,29
936,2025-03-09,0
1094,2024-12-10,0
666,2025-07-09,0
1748,2025-07-03,0
197,2025-01-21,0
274,2024-11-29,0
220,2025-02-09,9
1790,2025-06-19,29
395,2024-11-18,0
627,2025-10-06,0
667,2025-01-05,0
115,2025-02-22,99
173,2025-04-28,9
21,2025-04-15,29
723,2025-02-26,0
1064,2025-06-18,0
1620,2025-07-05,9
1548,2025-02-17,0
494,2025-07-18,29
532,2025-06-05,29
1488,2024-12-20,0
1421,2025-05-29,29
774,2025-05-30,29
1363,2025-03-12,29
1962,2025-08-31,9
947,2025-02-21,29
1363,2025-04-06,0
1976,2024-12-26,9
1046,2024-10-23,0
1117,2025-02-20,0
1260,2025-01-25,0
1106,2025-08-23,9
1059,2025-01-16,9
1557,2025-07-25,9
97,2025-08-05,29
758,2025-06-27,0
275,2025-04-09,29
1658,2025-02-06,0
368,2025-09-13,0
932,2025-03-10,29
1702,2024-12-13,9
1697,2025-07-12,29
819,2025-08-02,29
1338,2025-02-27,0
1013,2025-09-27,99
1950,2025-04-26,0
772,2025-04-19,29
977,2025-04-12,29
1386,2025-03-10,9
429,2025-08-18,0
1406,2025-02-17,9
210,2025-04-29,0
118,2025-05-24,9
1434,2024-12-03,0
100,2024-12-29,9
432,2025-06-29,9
1434,2025-06-14,9
1364,2024-11-22,0
1797,2025-09-13,0
169,2025-02-07,0
789,2025-09-20,99
758,2025-09-07,9
1123,2024-12-15,9
476,2025-10-03,29
1612,2025-05-19,9
1893,2025-01-06,9
620,2025-02-01,9
1111,2025-08-02,9
1968,2025-10-01,29
1176,2025-06-22,99
1114,2024-11-20,0
935,2025-07-31,0
1082,2024-11-20,99
1044,2025-10-03,29
1307,2024-10-29,0
424,2025-09-16,29
81,2025-05-06,0
24,2025-06-24,9
1024,2024-11-03,29
626,2025-09-02,0
357,2025-06-04,0
230,2025-06-03,0
514,2025-03-28,99
1280,2025-08-16,0
1292,2025-06-08,99
322,2025-01-12,9
209,2025-10-08,99
312,2024-11-05,99
1005,2025-05-24,9
114,2025-01-31,29
1577,2025-05-21,99
823,2025-10-04,29
1442,2025-05-19,0
770,2025-04-23,99
238,2025-07-02,9
1452,2025-08-19,9
573,2024-12-18,29
1011,2025-03-13,0
1306,2025-03-23,9
590,2025-01-16,0
1616,2025-10-03,29
1128,2025-08-17,29
1793,2025-06-07,0
595,2025-08-02,0
1774,2025-09-19,99
1676,2025-02-12,99
1404,2024-12-12,9
443,2025-04-20,0
337,2025-05-04,0
916,2025-05-08,0
1704,2024-11-26,0
372,2025-03-25,29
1280,2025-03-12,9
487,2025-05-05,0
1063,2024-10-26,99
550,2025-07-06,0
1302,2025-01-22,9
1297,2025-09-16,9
287,2025-08-31,99
1084,2025-06-17,9
1988,2025-07-14,29
278,2024-12-25,0
1105,2025-08-12,0
1579,2025-05-09,9
567,2024-12-15,0
1617,2025-04-13,9
1050,2024-12-22,29
1496,2024-12-30,0
580,2025-05-29,0
1406,2025-05-29,0
601,2025-07-05,29
37,2025-09-25,0
1488,2024-12-17,9
684,2025-08-03,0
1537,2025-08-02,0
481,2025-04-27,29
823,2025-10-21,0
932,2025-03-10,0
559,2024-11-06,0
1624,2025-01-14,29
295,2025-08-13,0
1589,2025-04-29,0
73,2025-01-20,0
392,2024-11-15,9
861,2025-02-01,9
1648,2025-03-14,0
278,2025-01-20,9
527,2024-11-07,9
71,2025-07-08,0
202,2025-01-10,0
251,2025-05-11,0
277,2025-10-09,29
152,2025-08-25,0
1056,2025-03-11,0
1229,2025-03-21,29
1009,2025-04-22,29
1455,2025-10-13,0
1236,2025-04-16,9
87,2025-09-29,0
1264,2024-11-09,0
1682,2024-11-06,0
1697,2025-06-30,0
642,2025-02-24,29
915,2024-12-01,0
1687,2025-07-22,29
1069,2025-05-12,0
1967,2025-06-25,99
715,2025-09-09,0
710,2025-02-05,0
1542,2025-09-11,29
923,2025-08-06,29
1210,2025-02-01,0
1675,2025-06-03,29
547,2025-05-21,0
449,2025-05-31,0
1227,2024-12-28,0
356,2025-03-17,99
310,2025-07-02,9
1536,2025-03-18,0
1406,2025-03-12,9
510,2025-06-07,9
619,2025-07-02,0
1263,2025-10-05,9
1719,2025-09-11,0
1616,2024-11-21,0
1519,2025-05-10,9
1261,2025-01-27,0
796,2025-03-17,29
1407,2025-10-09,99
969,2025-01-16,0
1075,2025-05-10,99
473,2025-03-28,0
1192,2025-03-08,0
1854,2025-09-04,9
848,2025-09-23,9
1440,2025-03-04,9
1350,2025-04-29,0
1951,2025-08-25,0
75,2025-04-27,9
1572,2025-10-01,0
251,2025-06-13,9
671,2024-10-24,9
664,2025-05-04,0
194,2025-09-29,99
1344,2024-12-14,0
12,2025-04-10,0
1934,2024-12-25,0
38,2025-01-19,9
393,2024-11-20,0
1857,2025-05-09,0
1922,2025-06-28,9
59,2025-02-08,9
257,2025-01-12,9
681,2024-12-19,9
201,2025-01-02,9
1587,2024-12-22,9
877,2025-03-11,29
1073,2025-06-12,99
1521,2025-07-27,0
1782,2025-09-04,0
1219,2024-12-06,0
494,2025-07-05,99
1427,2025-01-19,9
214,2025-04-01,9
1137,2025-09-02,0
595,2025-02-27,0
1312,2025-07-28,0
523,2024-12-05,0
58,2025-04-27,0
3,2025-07-11,0
924,2025-04-25,0
1317,2025-04-26,29
1855,2025-01-11,0
1885,2025-06-08,9
1223,2024-12-23,99
859,2025-06-30,9
532,2025-09-10,0
640,2025-03-30,9
761,2024-10-30,99
591,2025-01-24,0
314,2024-11-07,9
308,2024-12-10,29
1791,2025-06-01,0
530,2025-06-09,0
1174,2024-12-23,9
1021,2024-12-13,0
1747,2025-06-23,0
1754,2025-05-09,9
712,2024-11-06,29
833,2025-10-02,0
1868,2025-06-01,0
961,2024-12-18,29
609,2024-11-12,0
543,2024-12-25,29
1307,2025-01-30,0
1672,2025-10-15,99
1144,2024-12-30,0
1980,2025-05-10,29
367,2025-03-28,0
1771,2025-06-11,9
1683,2025-05-28,29
1,2025-06-26,0
539,2024-10-29,0
1768,2025-09-28,0
1041,2025-07-28,0
998,2025-07-31,9
1218,2025-07-05,9
1135,2025-09-05,0
987,2025-02-09,9
1116,2024-11-24,99
1503,2025-01-14,0
707,2025-04-14,0
1564,2025-06-14,99
1642,2025-04-23,0
581,2025-09-23,29
1804,2025-04-27,9
301,2024-12-27,9
660,2025-01-15,99
218,2025-09-09,29
413,2025-03-30,9
1256,2025-06-12,0
775,2024-12-16,0
1725,2025-08-26,0
1338,2025-06-05,29
1006,2025-09-05,9
699,2025-08-16,9
128,2024-12-31,0
1734,2025-06-21,0
1927,2025-07-05,0
345,2025-05-08,0
1934,2025-02-01,9
734,2024-12-26,0
449,2025-07-30,29
507,2025-07-15,9
109,2025-03-04,0
269,2025-10-15,29
1458,2025-04-16,9
1367,2025-06-10,29
520,2025-06-08,9
1645,2024-11-17,9
1680,2025-01-19,9
1811,2025-03-17,29
372,2025-03-20,0
1978,2024-12-12,9
1988,2024-12-03,29
995,2024-10-28,0
1172,2025-01-08,0
506,2025-05-13,9
592,2025-09-20,0
1186,2025-10-10,9
1005,2025-05-05,9
778,2025-07-14,0
734,2025-04-03,0
1337,2025-09-07,9
1491,2024-12-19,99
805,2025-06-14,9
126,2024-11-28,0
823,2024-12-29,29
1278,2025-04-24,9
1351,2025-10-07,0
930,2025-06-17,9
206,2025-06-11,0
1499,2024-11-06,9
1696,2025-09-27,9
432,2025-08-22,9
1035,2025-05-16,29
1424,2025-05-05,9
1468,2025-08-10,0
1218,2024-12-06,0
471,2024-11-27,29
1867,2025-04-27,99
158,2025-07-05,0
1342,2024-12-11,9
86,2025-10-07,9
1069,2025-06-13,0
345,2025-05-19,0
1655,2025-09-08,0
154,2024-10-22,0
807,2025-10-05,0
958,2025-10-21,29
289,2025-08-18,0
1889,2025-07-12,0
210,2025-07-01,99
891,2025-04-07,29
1574,2025-05-12,99
256,2025-04-03,9
1845,2025-03-14,29
673,2025-09-26,29
689,2024-11-07,29
1210,2025-07-19,0
1040,2025-05-15,9
1107,2025-04-06,99
992,2025-01-19,99
97,2025-10-21,0
1809,2025-08-29,0
1195,2025-04-27,9
1612,2025-08-24,0
1486,2025-08-16,9
583,2025-03-19,29
439,2025-03-07,99
1375,2025-06-07,99
236,2025-08-30,29
384,2025-08-05,0
369,2025-10-09,0
611,2025-08-13,0
1482,2025-09-12,29
1046,2025-07-19,9
871,2025-06-02,9
293,2024-11-28,0
1394,2025-04-05,9
1998,2024-12-12,0
1258,2025-01-28,29
1767,2025-04-25,0
1370,2025-08-15,29
707,2025-01-20,0
736,2025-10-10,0
1363,2025-09-20,9
22,2024-11-23,99
1657,2025-02-09,9
1346,2025-06-11,0
472,2025-09-27,9
31,2025-05-21,0
1969,2025-03-29,0
1461,2025-01-30,29
141,2025-01-03,9
897,2024-10-24,0
446,2025-07-24,9
1898,2025-08-06,9
1251,2025-08-24,0
794,2024-10-24,0
1898,2025-06-03,29
205,2025-05-12,0
346,2024-12-06,99
1582,2025-05-11,9
1265,2024-10-24,29
677,2025-03-16,29
1174,2025-07-03,9
1682,2025-01-09,0
1922,2025-07-16,0
1819,2025-08-30,9
169,2025-02-21,9
919,2025-03-29,9
678,2025-03-11,9
1851,2024-12-02,0
1965,2024-12-21,9
1374,2025-04-05,29
853,2025-07-02,99
457,2025-06-06,0
1244,2025-01-28,29
558,2025-01-31,9
1858,2025-09-19,29
1819,2025-05-18,0
1718,2025-04-04,9
780,2025-05-29,29
1871,2025-03-13,0
1278,2025-06-16,9
229,2025-02-06,0
1569,2025-07-13,0
586,2025-03-25,0
1278,2025-08-11,0
1545,2025-01-09,0
294,2025-03-31,0
915,2025-05-24,9
517,2025-08-22,0
716,2025-05-26,9
331,2025-04-27,9
1094,2024-12-30,29
276,2025-03-14,9
1470,2025-05-27,0
492,2025-05-25,99
1462,2025-04-27,29
857,2025-01-28,9
440,2025-02-18,0
1462,2025-06-03,29
488,2025-03-04,0
92,2025-08-18,0
465,2025-07-22,9
264,2025-03-25,0
724,2025-08-03,99
69,2024-12-14,29
156,2025-09-19,29
243,2025-09-22,0
1294,2025-07-05,0
1107,2024-12-07,9
1858,2025-08-08,9
459,2025-01-19,9
72,2025-04-13,0
1507,2025-08-22,99
627,2025-07-20,9
574,2024-12-23,0
1210,2024-11-29,0
458,2025-01-13,0
14,2025-05-07,29
1921,2025-03-26,0
903,2025-08-23,0
1210,2025-03-02,9
457,2025-08-29,9
622,2025-05-23,9
1148,2025-06-17,9
985,2025-07-19,0
1891,2025-07-14,0
1566,2025-07-23,29
700,2024-11-11,0
762,2024-12-23,9
1449,2025-03-22,29
1499,2025-06-25,29
1251,2024-10-24,0
656,2025-08-30,29
683,2024-11-26,29
625,2025-09-06,99
1022,2024-12-17,0
1013,2025-04-23,29
1197,2025-10-16,0
195,2025-06-12,9
188,2025-04-09,9
302,2024-11-25,0
122,2024-11-15,0
1108,2025-02-01,29
1479,2025-01-16,0
511,2025-03-15,99
1528,2024-11-22,0
1594,2025-06-15,99
1421,2024-11-05,0
929,2025-07-30,0
717,2025-03-20,9
1642,2025-10-18,0
428,2025-03-26,0
977,2025-06-17,0
1439,2025-07-03,9
355,2025-05-12,99
1800,2025-02-10,29
982,2025-07-25,9
708,2025-06-11,99
769,2024-11-13,0
1445,2025-08-18,9
894,2025-09-05,0
738,2024-12-29,29
1516,2025-06-27,0
1015,2025-05-01,29
620,2025-04-10,99
363,2024-10-26,9
1013,2025-01-08,9
1381,2025-09-17,0
363,2025-07-04,0
1626,2025-10-18,99
1081,2025-08-30,9
1014,2025-05-11,29
833,2025-02-10,0
851,2025-01-05,29
216,2024-11-04,0
1188,2025-08-22,29
1194,2025-06-11,99
189,2025-05-08,0
1075,2025-05-10,9
370,2025-07-20,0
1316,2025-01-19,0
553,2025-06-17,0
1964,2024-12-26,9
1554,2025-07-10,9
357,2024-11-05,9
1201,2025-03-10,0
1829,2025-01-22,99
1961,2025-07-03,9
1550,2024-10-22,0
1951,2024-12-22,9
421,2024-11-24,9
1264,2025-02-06,0
637,2025-08-20,9
898,2025-03-26,0
495,2025-03-08,9
1425,2025-07-09,9
1619,2025-03-24,9
1171,2025-03-28,29
984,2025-06-06,0
1230,2025-01-07,0
861,2025-05-11,0
1524,2024-10-27,0
742,2025-08-04,0
1713,2025-07-22,0
1288,2024-11-17,9
1865,2025-10-13,9
851,2024-11-26,9
1722,2025-05-23,29
1990,2025-02-09,0
586,2025-07-31,0
50,2025-09-09,29
259,2025-05-27,9
1014,2025-10-12,0
1735,2025-06-05,29
1745,2025-03-06,29
510,2025-03-05,0
1167,2025-09-03,99
1749,2025-02-06,9
290,2025-01-17,29
1434,2025-06-14,29
1367,2025-01-05,29
672,2025-04-16,0
76,2025-10-18,0
461,2025-03-27,0
447,2025-06-02,0
1741,2024-10-23,9
1528,2025-01-31,29
1508,2024-12-28,0
556,2025-03-29,0
1491,2025-05-06,0
838,2024-12-02,99
978,2025-05-26,9
1552,2024-11-19,0
459,2025-05-05,9
1756,2025-02-13,9
297,2025-03-03,0
678,2024-12-06,0
1792,2025-08-29,0
1127,2025-05-09,29
1336,2025-01-30,99
1051,2025-09-27,9
1550,2025-05-18,0
341,2025-09-02,9
1168,2025-08-26,99
449,2025-06-02,9
1593,2025-01-27,99
1382,2025-07-18,9
1257,2025-04-11,99
82,2025-03-17,0
943,2025-05-28,0
1985,2025-04-27,9
1951,2025-08-17,9
1852,2025-01-24,99
1214,2025-08-12,0
55,2025-03-02,29
137,2025-08-19,0
227,2025-04-18,9
947,2025-07-13,99
1595,2025-04-18,0
231,2025-10-05,9
1784,2025-06-06,0
472,2025-09-21,0
262,2024-11-01,9
861,2025-04-27,0
1145,2024-12-06,29
1977,2025-01-30,9
1515,2024-11-17,29
1108,2025-03-19,0
766,2025-06-25,29
862,2025-08-24,0
237,2025-01-15,9
421,2025-07-11,99
405,2025-07-21,99
1042,2025-01-19,9
669,2025-08-28,0
72,2025-02-21,9
888,2025-03-31,0
1675,2025-03-08,0
1649,2025-05-10,0
1543,2025-05-18,0
626,2024-10-25,0
692,2025-07-21,29
1293,2025-09-10,99
1395,2025-02-01,0
825,2025-01-26,9
1163,2025-02-10,0
350,2024-11-27,0
632,2025-03-25,9
945,2025-07-10,0
968,2025-08-08,0
1675,2025-09-05,29
947,2025-03-03,29
1469,2024-11-20,0
616,2025-05-25,9
1972,2025-10-18,0
1653,2024-12-30,29
562,2025-04-25,29
861,2025-02-20,0
1173,2025-03-08,0
1501,2025-01-14,29
1386,2025-10-04,0
386,2025-06-01,9
1008,2025-02-03,29
981,2024-12-31,0
792,2025-08-07,0
1668,2025-07-14,9
1606,2025-10-18,9
183,2025-10-10,99
1989,2025-01-03,29
1687,2025-05-03,29
1668,2025-08-04,9
1230,2025-01-07,0
1611,2025-01-21,0
863,2025-08-03,0
564,2025-01-24,99
591,2025-09-25,9
1582,2025-02-02,9
1353,2025-01-10,29
602,2025-01-19,0
1281,2025-01-08,0
565,2025-09-11,99
1814,2025-01-26,9
757,2025-09-11,9
92,2025-06-19,0
771,2025-03-09,29
1415,2024-12-21,0
387,2025-08-20,0
807,2024-12-02,0
1425,2024-12-07,0
1745,2025-10-14,9
1531,2024-11-21,29
1495,2025-07-11,0
1456,2025-07-06,0
337,2025-05-01,29
934,2025-06-17,29
1752,2024-10-24,0
343,2025-08-14,9
1578,2025-09-19,0
1660,2025-05-20,9
1872,2024-11-07,9
894,2025-09-16,0
1460,2025-04-27,29
1207,2025-03-15,9
1424,2025-06-20,29
656,2025-02-21,0
1050,2025-05-01,9
619,2025-10-05,9
1588,2025-09-29,0
646,2025-10-05,0
505,2025-06-02,9
1710,2025-09-24,0
547,2025-02-05,29
1768,2025-04-30,0
1368,2025-01-01,0
846,2025-08-14,0
780,2025-10-12,0
757,2025-05-08,29
915,2025-02-07,0
159,2025-03-25,0
60,2025-01-16,0
1564,2025-08-09,0
1445,2025-06-02,9
1417,2024-12-10,29
339,2024-11-12,29
34,2025-05-14,0
145,2025-08-28,9
1295,2025-04-04,0
1381,2025-04-25,0
283,2025-10-21,9
218,2025-05-20,0
1939,2024-11-03,0
828,2025-05-05,9
1098,2025-03-05,29
1320,2025-03-23,99
1554,2025-09-21,29
1528,2025-07-15,0
597,2025-08-19,9
613,2024-12-28,0
1967,2025-04-17,9
790,2024-12-07,99
1615,2025-07-20,29
1208,2025-05-11,0
1086,2025-04-18,0
282,2025-02-21,29
752,2025-07-16,0
1052,2024-10-25,9
1012,2024-10-26,29
590,2025-07-10,9
12,2025-01-11,29
1620,2025-03-18,0
998,2025-06-04,9
1918,2024-11-30,9
172,2025-02-25,0
1086,2025-03-11,0
1085,2025-06-16,0
1232,2025-09-21,9
402,2025-01-30,9
224,2025-01-02,29
372,2025-05-23,9
807,2025-02-01,0
1996,2025-01-22,0
764,2025-02-03,0
40,2025-04-23,0
1268,2025-06-17,9
1183,2025-03-04,99
1879,2025-03-13,9
1615,2025-01-01,29
435,2025-05-03,99
261,2025-04-04,99
599,2025-01-11,99
1518,2025-04-02,29
980,2025-07-21,9
966,2025-08-10,0
47,2025-03-15,9
1828,2025-03-12,29
626,2025-09-18,0
1583,2025-03-26,0
124,2025-02-07,0
118,2025-04-15,0
1014,2024-12-30,29
50,2025-05-31,29
1185,2024-12-11,0
1929,2025-06-02,29
1852,2025-07-15,0
470,2025-01-18,29
1801,2025-09-03,9
1607,2024-11-29,9
1584,2025-07-28,9
827,2025-02-03,0
1076,2025-08-30,9
1228,2025-01-21,0
1452,2025-05-25,99
1007,2025-04-07,99
